timestamp,household_id,solar_production_kwh,consumption_kwh,net_energy_kwh
2026-01-01T00:00:00+0000,1,0.0,0.0,0.0
2026-01-01T00:00:00+0000,2,0.0,0.0,0.0
2026-01-01T00:00:00+0000,3,0.0,0.0,0.0
2026-01-01T00:00:00+0000,4,0.0,0.0,0.0
2026-01-01T00:00:00+0000,5,0.0,0.0,0.0
2026-01-01T00:00:00+0000,6,0.0,0.924724,-0.924724
2026-01-01T00:00:00+0000,7,0.0,1.270429,-1.270429
2026-01-01T00:00:00+0000,8,0.0,1.139196,-1.139196
2026-01-01T00:00:00+0000,9,0.0,1.059195,-1.059195
2026-01-01T00:00:00+0000,10,0.0,0.793611,-0.793611
2026-01-01T01:00:00+0000,1,0.0,0.0,0.0
2026-01-01T01:00:00+0000,2,0.0,0.0,0.0
2026-01-01T01:00:00+0000,3,0.0,0.0,0.0
2026-01-01T01:00:00+0000,4,0.0,0.0,0.0
2026-01-01T01:00:00+0000,5,0.0,0.0,0.0
2026-01-01T01:00:00+0000,6,0.0,0.793597,-0.793597
2026-01-01T01:00:00+0000,7,0.0,0.73485,-0.73485
2026-01-01T01:00:00+0000,8,0.0,1.219706,-1.219706
2026-01-01T01:00:00+0000,9,0.0,1.060669,-1.060669
2026-01-01T01:00:00+0000,10,0.0,1.124844,-1.124844
2026-01-01T02:00:00+0000,1,0.0,0.0,0.0
2026-01-01T02:00:00+0000,2,0.0,0.0,0.0
2026-01-01T02:00:00+0000,3,0.0,0.0,0.0
2026-01-01T02:00:00+0000,4,0.0,0.0,0.0
2026-01-01T02:00:00+0000,5,0.0,0.0,0.0
2026-01-01T02:00:00+0000,6,0.0,0.712351,-0.712351
2026-01-01T02:00:00+0000,7,0.0,1.281946,-1.281946
2026-01-01T02:00:00+0000,8,0.0,1.199466,-1.199466
2026-01-01T02:00:00+0000,9,0.0,0.827403,-0.827403
2026-01-01T02:00:00+0000,10,0.0,0.809095,-0.809095
2026-01-01T03:00:00+0000,1,0.0,0.0,0.0
2026-01-01T03:00:00+0000,2,0.0,0.0,0.0
2026-01-01T03:00:00+0000,3,0.0,0.0,0.0
2026-01-01T03:00:00+0000,4,0.0,0.0,0.0
2026-01-01T03:00:00+0000,5,0.0,0.0,0.0
2026-01-01T03:00:00+0000,6,0.0,0.810043,-0.810043
2026-01-01T03:00:00+0000,7,0.0,0.882545,-0.882545
2026-01-01T03:00:00+0000,8,0.0,1.014854,-1.014854
2026-01-01T03:00:00+0000,9,0.0,0.959167,-0.959167
2026-01-01T03:00:00+0000,10,0.0,0.874737,-0.874737
2026-01-01T04:00:00+0000,1,0.0,0.0,0.0
2026-01-01T04:00:00+0000,2,0.0,0.0,0.0
2026-01-01T04:00:00+0000,3,0.0,0.0,0.0
2026-01-01T04:00:00+0000,4,0.0,0.0,0.0
2026-01-01T04:00:00+0000,5,0.0,0.0,0.0
2026-01-01T04:00:00+0000,6,0.0,1.067112,-1.067112
2026-01-01T04:00:00+0000,7,0.0,0.783696,-0.783696
2026-01-01T04:00:00+0000,8,0.0,0.875287,-0.875287
2026-01-01T04:00:00+0000,9,0.0,0.919817,-0.919817
2026-01-01T04:00:00+0000,10,0.0,0.973642,-0.973642
2026-01-01T05:00:00+0000,1,0.0,0.0,0.0
2026-01-01T05:00:00+0000,2,0.0,0.0,0.0
2026-01-01T05:00:00+0000,3,0.0,0.0,0.0
2026-01-01T05:00:00+0000,4,0.0,0.0,0.0
2026-01-01T05:00:00+0000,5,0.0,0.0,0.0
2026-01-01T05:00:00+0000,6,0.0,1.171106,-1.171106
2026-01-01T05:00:00+0000,7,0.0,0.819804,-0.819804
2026-01-01T05:00:00+0000,8,0.0,1.008541,-1.008541
2026-01-01T05:00:00+0000,9,0.0,1.055449,-1.055449
2026-01-01T05:00:00+0000,10,0.0,0.72787,-0.72787
2026-01-01T06:00:00+0000,1,0.098444,0.0,0.098444
2026-01-01T06:00:00+0000,2,0.403782,0.0,0.403782
2026-01-01T06:00:00+0000,3,0.208515,0.0,0.208515
2026-01-01T06:00:00+0000,4,0.270304,0.0,0.270304
2026-01-01T06:00:00+0000,5,0.208301,0.0,0.208301
2026-01-01T06:00:00+0000,6,0.0,0.773223,-0.773223
2026-01-01T06:00:00+0000,7,0.0,0.997106,-0.997106
2026-01-01T06:00:00+0000,8,0.0,0.720633,-0.720633
2026-01-01T06:00:00+0000,9,0.0,1.245592,-1.245592
2026-01-01T06:00:00+0000,10,0.0,0.855268,-0.855268
2026-01-01T07:00:00+0000,1,1.047132,0.0,1.047132
2026-01-01T07:00:00+0000,2,0.423653,0.0,0.423653
2026-01-01T07:00:00+0000,3,0.895075,0.0,0.895075
2026-01-01T07:00:00+0000,4,1.232339,0.0,1.232339
2026-01-01T07:00:00+0000,5,0.915404,0.0,0.915404
2026-01-01T07:00:00+0000,6,0.0,2.810913,-2.810913
2026-01-01T07:00:00+0000,7,0.0,3.281751,-3.281751
2026-01-01T07:00:00+0000,8,0.0,3.16508,-3.16508
2026-01-01T07:00:00+0000,9,0.0,3.263699,-3.263699
2026-01-01T07:00:00+0000,10,0.0,3.236896,-3.236896
2026-01-01T08:00:00+0000,1,1.394454,0.0,1.394454
2026-01-01T08:00:00+0000,2,1.281035,0.0,1.281035
2026-01-01T08:00:00+0000,3,1.223631,0.0,1.223631
2026-01-01T08:00:00+0000,4,1.18654,0.0,1.18654
2026-01-01T08:00:00+0000,5,0.951057,0.0,0.951057
2026-01-01T08:00:00+0000,6,0.0,3.197243,-3.197243
2026-01-01T08:00:00+0000,7,0.0,2.914052,-2.914052
2026-01-01T08:00:00+0000,8,0.0,2.868561,-2.868561
2026-01-01T08:00:00+0000,9,0.0,3.025618,-3.025618
2026-01-01T08:00:00+0000,10,0.0,2.784555,-2.784555
2026-01-01T09:00:00+0000,1,1.911593,0.0,1.911593
2026-01-01T09:00:00+0000,2,2.171986,0.0,2.171986
2026-01-01T09:00:00+0000,3,2.233111,0.0,2.233111
2026-01-01T09:00:00+0000,4,2.234428,0.0,2.234428
2026-01-01T09:00:00+0000,5,2.206561,0.0,2.206561
2026-01-01T09:00:00+0000,6,0.0,2.744427,-2.744427
2026-01-01T09:00:00+0000,7,0.0,2.915079,-2.915079
2026-01-01T09:00:00+0000,8,0.0,2.769521,-2.769521
2026-01-01T09:00:00+0000,9,0.0,3.217862,-3.217862
2026-01-01T09:00:00+0000,10,0.0,3.073979,-3.073979
2026-01-01T10:00:00+0000,1,2.936818,0.0,2.936818
2026-01-01T10:00:00+0000,2,2.995522,0.0,2.995522
2026-01-01T10:00:00+0000,3,2.811386,0.0,2.811386
2026-01-01T10:00:00+0000,4,2.793412,0.0,2.793412
2026-01-01T10:00:00+0000,5,3.195158,0.0,3.195158
2026-01-01T10:00:00+0000,6,0.0,1.232328,-1.232328
2026-01-01T10:00:00+0000,7,0.0,0.983329,-0.983329
2026-01-01T10:00:00+0000,8,0.0,0.771757,-0.771757
2026-01-01T10:00:00+0000,9,0.0,1.127947,-1.127947
2026-01-01T10:00:00+0000,10,0.0,1.156471,-1.156471
2026-01-01T11:00:00+0000,1,4.274935,0.0,4.274935
2026-01-01T11:00:00+0000,2,4.302774,0.0,4.302774
2026-01-01T11:00:00+0000,3,4.071323,0.0,4.071323
2026-01-01T11:00:00+0000,4,4.678146,0.0,4.678146
2026-01-01T11:00:00+0000,5,3.819609,0.0,3.819609
2026-01-01T11:00:00+0000,6,0.0,0.956525,-0.956525
2026-01-01T11:00:00+0000,7,0.0,0.715251,-0.715251
2026-01-01T11:00:00+0000,8,0.0,0.764735,-0.764735
2026-01-01T11:00:00+0000,9,0.0,0.718858,-0.718858
2026-01-01T11:00:00+0000,10,0.0,1.081846,-1.081846
2026-01-01T12:00:00+0000,1,4.748149,0.0,4.748149
2026-01-01T12:00:00+0000,2,4.332284,0.0,4.332284
2026-01-01T12:00:00+0000,3,4.685863,0.0,4.685863
2026-01-01T12:00:00+0000,4,4.80122,0.0,4.80122
2026-01-01T12:00:00+0000,5,5.025376,0.0,5.025376
2026-01-01T12:00:00+0000,6,0.0,0.837279,-0.837279
2026-01-01T12:00:00+0000,7,0.0,0.746188,-0.746188
2026-01-01T12:00:00+0000,8,0.0,0.873851,-0.873851
2026-01-01T12:00:00+0000,9,0.0,0.796733,-0.796733
2026-01-01T12:00:00+0000,10,0.0,1.257819,-1.257819
2026-01-01T13:00:00+0000,1,4.896346,0.0,4.896346
2026-01-01T13:00:00+0000,2,5.10029,0.0,5.10029
2026-01-01T13:00:00+0000,3,5.231637,0.0,5.231637
2026-01-01T13:00:00+0000,4,5.051423,0.0,5.051423
2026-01-01T13:00:00+0000,5,5.062903,0.0,5.062903
2026-01-01T13:00:00+0000,6,0.0,0.811942,-0.811942
2026-01-01T13:00:00+0000,7,0.0,1.235535,-1.235535
2026-01-01T13:00:00+0000,8,0.0,1.023605,-1.023605
2026-01-01T13:00:00+0000,9,0.0,1.184464,-1.184464
2026-01-01T13:00:00+0000,10,0.0,1.237655,-1.237655
2026-01-01T14:00:00+0000,1,4.589387,0.0,4.589387
2026-01-01T14:00:00+0000,2,4.664265,0.0,4.664265
2026-01-01T14:00:00+0000,3,4.651376,0.0,4.651376
2026-01-01T14:00:00+0000,4,4.437094,0.0,4.437094
2026-01-01T14:00:00+0000,5,4.789021,0.0,4.789021
2026-01-01T14:00:00+0000,6,0.0,0.704171,-0.704171
2026-01-01T14:00:00+0000,7,0.0,1.006448,-1.006448
2026-01-01T14:00:00+0000,8,0.0,0.950447,-0.950447
2026-01-01T14:00:00+0000,9,0.0,0.833265,-0.833265
2026-01-01T14:00:00+0000,10,0.0,0.771919,-0.771919
2026-01-01T15:00:00+0000,1,4.055898,0.0,4.055898
2026-01-01T15:00:00+0000,2,4.094274,0.0,4.094274
2026-01-01T15:00:00+0000,3,3.970475,0.0,3.970475
2026-01-01T15:00:00+0000,4,4.046675,0.0,4.046675
2026-01-01T15:00:00+0000,5,3.599224,0.0,3.599224
2026-01-01T15:00:00+0000,6,0.0,1.121811,-1.121811
2026-01-01T15:00:00+0000,7,0.0,0.918178,-0.918178
2026-01-01T15:00:00+0000,8,0.0,1.283069,-1.283069
2026-01-01T15:00:00+0000,9,0.0,1.277468,-1.277468
2026-01-01T15:00:00+0000,10,0.0,0.851069,-0.851069
2026-01-01T16:00:00+0000,1,2.648899,0.0,2.648899
2026-01-01T16:00:00+0000,2,3.027351,0.0,3.027351
2026-01-01T16:00:00+0000,3,3.044699,0.0,3.044699
2026-01-01T16:00:00+0000,4,3.525302,0.0,3.525302
2026-01-01T16:00:00+0000,5,2.994181,0.0,2.994181
2026-01-01T16:00:00+0000,6,0.0,0.786937,-0.786937
2026-01-01T16:00:00+0000,7,0.0,0.993672,-0.993672
2026-01-01T16:00:00+0000,8,0.0,1.29139,-1.29139
2026-01-01T16:00:00+0000,9,0.0,0.845233,-0.845233
2026-01-01T16:00:00+0000,10,0.0,1.103281,-1.103281
2026-01-01T17:00:00+0000,1,2.115871,0.0,2.115871
2026-01-01T17:00:00+0000,2,1.900494,0.0,1.900494
2026-01-01T17:00:00+0000,3,2.21019,0.0,2.21019
2026-01-01T17:00:00+0000,4,1.895196,0.0,1.895196
2026-01-01T17:00:00+0000,5,2.332365,0.0,2.332365
2026-01-01T17:00:00+0000,6,0.0,1.079383,-1.079383
2026-01-01T17:00:00+0000,7,0.0,1.080118,-1.080118
2026-01-01T17:00:00+0000,8,0.0,1.021465,-1.021465
2026-01-01T17:00:00+0000,9,0.0,0.754174,-0.754174
2026-01-01T17:00:00+0000,10,0.0,1.201181,-1.201181
2026-01-01T18:00:00+0000,1,1.048654,0.0,1.048654
2026-01-01T18:00:00+0000,2,1.133501,0.0,1.133501
2026-01-01T18:00:00+0000,3,1.266691,0.0,1.266691
2026-01-01T18:00:00+0000,4,1.146066,0.0,1.146066
2026-01-01T18:00:00+0000,5,0.936628,0.0,0.936628
2026-01-01T18:00:00+0000,6,0.0,3.587104,-3.587104
2026-01-01T18:00:00+0000,7,0.0,3.30462,-3.30462
2026-01-01T18:00:00+0000,8,0.0,3.614563,-3.614563
2026-01-01T18:00:00+0000,9,0.0,3.432041,-3.432041
2026-01-01T18:00:00+0000,10,0.0,3.762038,-3.762038
2026-01-01T19:00:00+0000,1,0.690389,0.0,0.690389
2026-01-01T19:00:00+0000,2,0.599024,0.0,0.599024
2026-01-01T19:00:00+0000,3,0.499574,0.0,0.499574
2026-01-01T19:00:00+0000,4,0.605327,0.0,0.605327
2026-01-01T19:00:00+0000,5,0.787901,0.0,0.787901
2026-01-01T19:00:00+0000,6,0.0,3.59599,-3.59599
2026-01-01T19:00:00+0000,7,0.0,3.690333,-3.690333
2026-01-01T19:00:00+0000,8,0.0,3.53312,-3.53312
2026-01-01T19:00:00+0000,9,0.0,3.51779,-3.51779
2026-01-01T19:00:00+0000,10,0.0,3.345111,-3.345111
2026-01-01T20:00:00+0000,1,0.380619,0.0,0.380619
2026-01-01T20:00:00+0000,2,0.485007,0.0,0.485007
2026-01-01T20:00:00+0000,3,0.081253,0.0,0.081253
2026-01-01T20:00:00+0000,4,0.064551,0.0,0.064551
2026-01-01T20:00:00+0000,5,0.433031,0.0,0.433031
2026-01-01T20:00:00+0000,6,0.0,3.732252,-3.732252
2026-01-01T20:00:00+0000,7,0.0,3.667925,-3.667925
2026-01-01T20:00:00+0000,8,0.0,3.585219,-3.585219
2026-01-01T20:00:00+0000,9,0.0,3.250484,-3.250484
2026-01-01T20:00:00+0000,10,0.0,3.296977,-3.296977
2026-01-01T21:00:00+0000,1,0.0,0.0,0.0
2026-01-01T21:00:00+0000,2,0.0,0.0,0.0
2026-01-01T21:00:00+0000,3,0.0,0.0,0.0
2026-01-01T21:00:00+0000,4,0.0,0.0,0.0
2026-01-01T21:00:00+0000,5,0.0,0.0,0.0
2026-01-01T21:00:00+0000,6,0.0,3.739133,-3.739133
2026-01-01T21:00:00+0000,7,0.0,3.563857,-3.563857
2026-01-01T21:00:00+0000,8,0.0,3.205518,-3.205518
2026-01-01T21:00:00+0000,9,0.0,3.260883,-3.260883
2026-01-01T21:00:00+0000,10,0.0,3.598101,-3.598101
2026-01-01T22:00:00+0000,1,0.0,0.0,0.0
2026-01-01T22:00:00+0000,2,0.0,0.0,0.0
2026-01-01T22:00:00+0000,3,0.0,0.0,0.0
2026-01-01T22:00:00+0000,4,0.0,0.0,0.0
2026-01-01T22:00:00+0000,5,0.0,0.0,0.0
2026-01-01T22:00:00+0000,6,0.0,3.203037,-3.203037
2026-01-01T22:00:00+0000,7,0.0,3.296485,-3.296485
2026-01-01T22:00:00+0000,8,0.0,3.52924,-3.52924
2026-01-01T22:00:00+0000,9,0.0,3.615137,-3.615137
2026-01-01T22:00:00+0000,10,0.0,3.591177,-3.591177
2026-01-01T23:00:00+0000,1,0.0,0.0,0.0
2026-01-01T23:00:00+0000,2,0.0,0.0,0.0
2026-01-01T23:00:00+0000,3,0.0,0.0,0.0
2026-01-01T23:00:00+0000,4,0.0,0.0,0.0
2026-01-01T23:00:00+0000,5,0.0,0.0,0.0
2026-01-01T23:00:00+0000,6,0.0,0.834562,-0.834562
2026-01-01T23:00:00+0000,7,0.0,1.127308,-1.127308
2026-01-01T23:00:00+0000,8,0.0,0.842349,-0.842349
2026-01-01T23:00:00+0000,9,0.0,0.89524,-0.89524
2026-01-01T23:00:00+0000,10,0.0,1.147895,-1.147895
2026-01-02T00:00:00+0000,1,0.0,0.0,0.0
2026-01-02T00:00:00+0000,2,0.0,0.0,0.0
2026-01-02T00:00:00+0000,3,0.0,0.0,0.0
2026-01-02T00:00:00+0000,4,0.0,0.0,0.0
2026-01-02T00:00:00+0000,5,0.0,0.0,0.0
2026-01-02T00:00:00+0000,6,0.0,1.08978,-1.08978
2026-01-02T00:00:00+0000,7,0.0,1.209534,-1.209534
2026-01-02T00:00:00+0000,8,0.0,1.094568,-1.094568
2026-01-02T00:00:00+0000,9,0.0,1.040985,-1.040985
2026-01-02T00:00:00+0000,10,0.0,0.756205,-0.756205
2026-01-02T01:00:00+0000,1,0.0,0.0,0.0
2026-01-02T01:00:00+0000,2,0.0,0.0,0.0
2026-01-02T01:00:00+0000,3,0.0,0.0,0.0
2026-01-02T01:00:00+0000,4,0.0,0.0,0.0
2026-01-02T01:00:00+0000,5,0.0,0.0,0.0
2026-01-02T01:00:00+0000,6,0.0,0.920629,-0.920629
2026-01-02T01:00:00+0000,7,0.0,0.859121,-0.859121
2026-01-02T01:00:00+0000,8,0.0,0.846394,-0.846394
2026-01-02T01:00:00+0000,9,0.0,1.283806,-1.283806
2026-01-02T01:00:00+0000,10,0.0,0.935859,-0.935859
2026-01-02T02:00:00+0000,1,0.0,0.0,0.0
2026-01-02T02:00:00+0000,2,0.0,0.0,0.0
2026-01-02T02:00:00+0000,3,0.0,0.0,0.0
2026-01-02T02:00:00+0000,4,0.0,0.0,0.0
2026-01-02T02:00:00+0000,5,0.0,0.0,0.0
2026-01-02T02:00:00+0000,6,0.0,1.235228,-1.235228
2026-01-02T02:00:00+0000,7,0.0,1.078683,-1.078683
2026-01-02T02:00:00+0000,8,0.0,1.176887,-1.176887
2026-01-02T02:00:00+0000,9,0.0,1.001582,-1.001582
2026-01-02T02:00:00+0000,10,0.0,1.046142,-1.046142
2026-01-02T03:00:00+0000,1,0.0,0.0,0.0
2026-01-02T03:00:00+0000,2,0.0,0.0,0.0
2026-01-02T03:00:00+0000,3,0.0,0.0,0.0
2026-01-02T03:00:00+0000,4,0.0,0.0,0.0
2026-01-02T03:00:00+0000,5,0.0,0.0,0.0
2026-01-02T03:00:00+0000,6,0.0,0.995511,-0.995511
2026-01-02T03:00:00+0000,7,0.0,0.817146,-0.817146
2026-01-02T03:00:00+0000,8,0.0,1.133471,-1.133471
2026-01-02T03:00:00+0000,9,0.0,0.868463,-0.868463
2026-01-02T03:00:00+0000,10,0.0,0.71459,-0.71459
2026-01-02T04:00:00+0000,1,0.0,0.0,0.0
2026-01-02T04:00:00+0000,2,0.0,0.0,0.0
2026-01-02T04:00:00+0000,3,0.0,0.0,0.0
2026-01-02T04:00:00+0000,4,0.0,0.0,0.0
2026-01-02T04:00:00+0000,5,0.0,0.0,0.0
2026-01-02T04:00:00+0000,6,0.0,1.087283,-1.087283
2026-01-02T04:00:00+0000,7,0.0,0.806266,-0.806266
2026-01-02T04:00:00+0000,8,0.0,1.264275,-1.264275
2026-01-02T04:00:00+0000,9,0.0,1.272357,-1.272357
2026-01-02T04:00:00+0000,10,0.0,1.248919,-1.248919
2026-01-02T05:00:00+0000,1,0.0,0.0,0.0
2026-01-02T05:00:00+0000,2,0.0,0.0,0.0
2026-01-02T05:00:00+0000,3,0.0,0.0,0.0
2026-01-02T05:00:00+0000,4,0.0,0.0,0.0
2026-01-02T05:00:00+0000,5,0.0,0.0,0.0
2026-01-02T05:00:00+0000,6,0.0,0.922095,-0.922095
2026-01-02T05:00:00+0000,7,0.0,0.709274,-0.709274
2026-01-02T05:00:00+0000,8,0.0,1.256991,-1.256991
2026-01-02T05:00:00+0000,9,0.0,0.95691,-0.95691
2026-01-02T05:00:00+0000,10,0.0,1.279993,-1.279993
2026-01-02T06:00:00+0000,1,0.38804,0.0,0.38804
2026-01-02T06:00:00+0000,2,0.159284,0.0,0.159284
2026-01-02T06:00:00+0000,3,0.025673,0.0,0.025673
2026-01-02T06:00:00+0000,4,0.23934,0.0,0.23934
2026-01-02T06:00:00+0000,5,0.499922,0.0,0.499922
2026-01-02T06:00:00+0000,6,0.0,0.801696,-0.801696
2026-01-02T06:00:00+0000,7,0.0,1.034081,-1.034081
2026-01-02T06:00:00+0000,8,0.0,1.261693,-1.261693
2026-01-02T06:00:00+0000,9,0.0,1.117618,-1.117618
2026-01-02T06:00:00+0000,10,0.0,1.042037,-1.042037
2026-01-02T07:00:00+0000,1,0.722867,0.0,0.722867
2026-01-02T07:00:00+0000,2,0.514889,0.0,0.514889
2026-01-02T07:00:00+0000,3,0.888161,0.0,0.888161
2026-01-02T07:00:00+0000,4,0.686949,0.0,0.686949
2026-01-02T07:00:00+0000,5,0.851166,0.0,0.851166
2026-01-02T07:00:00+0000,6,0.0,3.12149,-3.12149
2026-01-02T07:00:00+0000,7,0.0,2.915695,-2.915695
2026-01-02T07:00:00+0000,8,0.0,2.876155,-2.876155
2026-01-02T07:00:00+0000,9,0.0,3.185617,-3.185617
2026-01-02T07:00:00+0000,10,0.0,3.186068,-3.186068
2026-01-02T08:00:00+0000,1,1.460001,0.0,1.460001
2026-01-02T08:00:00+0000,2,1.349771,0.0,1.349771
2026-01-02T08:00:00+0000,3,2.017307,0.0,2.017307
2026-01-02T08:00:00+0000,4,1.360939,0.0,1.360939
2026-01-02T08:00:00+0000,5,1.473874,0.0,1.473874
2026-01-02T08:00:00+0000,6,0.0,3.12118,-3.12118
2026-01-02T08:00:00+0000,7,0.0,3.177476,-3.177476
2026-01-02T08:00:00+0000,8,0.0,3.234003,-3.234003
2026-01-02T08:00:00+0000,9,0.0,2.902797,-2.902797
2026-01-02T08:00:00+0000,10,0.0,2.92535,-2.92535
2026-01-02T09:00:00+0000,1,2.088566,0.0,2.088566
2026-01-02T09:00:00+0000,2,1.884376,0.0,1.884376
2026-01-02T09:00:00+0000,3,2.047634,0.0,2.047634
2026-01-02T09:00:00+0000,4,1.948629,0.0,1.948629
2026-01-02T09:00:00+0000,5,1.697862,0.0,1.697862
2026-01-02T09:00:00+0000,6,0.0,3.0545,-3.0545
2026-01-02T09:00:00+0000,7,0.0,2.7183,-2.7183
2026-01-02T09:00:00+0000,8,0.0,2.722409,-2.722409
2026-01-02T09:00:00+0000,9,0.0,3.19356,-3.19356
2026-01-02T09:00:00+0000,10,0.0,2.916114,-2.916114
2026-01-02T10:00:00+0000,1,3.104114,0.0,3.104114
2026-01-02T10:00:00+0000,2,3.045509,0.0,3.045509
2026-01-02T10:00:00+0000,3,2.817104,0.0,2.817104
2026-01-02T10:00:00+0000,4,2.889593,0.0,2.889593
2026-01-02T10:00:00+0000,5,3.168573,0.0,3.168573
2026-01-02T10:00:00+0000,6,0.0,1.073734,-1.073734
2026-01-02T10:00:00+0000,7,0.0,0.751208,-0.751208
2026-01-02T10:00:00+0000,8,0.0,0.731009,-0.731009
2026-01-02T10:00:00+0000,9,0.0,1.018813,-1.018813
2026-01-02T10:00:00+0000,10,0.0,1.024381,-1.024381
2026-01-02T11:00:00+0000,1,4.276374,0.0,4.276374
2026-01-02T11:00:00+0000,2,4.16944,0.0,4.16944
2026-01-02T11:00:00+0000,3,4.006716,0.0,4.006716
2026-01-02T11:00:00+0000,4,4.092102,0.0,4.092102
2026-01-02T11:00:00+0000,5,4.213291,0.0,4.213291
2026-01-02T11:00:00+0000,6,0.0,0.862499,-0.862499
2026-01-02T11:00:00+0000,7,0.0,0.963383,-0.963383
2026-01-02T11:00:00+0000,8,0.0,0.747074,-0.747074
2026-01-02T11:00:00+0000,9,0.0,0.71521,-0.71521
2026-01-02T11:00:00+0000,10,0.0,1.277589,-1.277589
2026-01-02T12:00:00+0000,1,4.604083,0.0,4.604083
2026-01-02T12:00:00+0000,2,4.830795,0.0,4.830795
2026-01-02T12:00:00+0000,3,4.902948,0.0,4.902948
2026-01-02T12:00:00+0000,4,4.489738,0.0,4.489738
2026-01-02T12:00:00+0000,5,4.662897,0.0,4.662897
2026-01-02T12:00:00+0000,6,0.0,0.793862,-0.793862
2026-01-02T12:00:00+0000,7,0.0,0.850146,-0.850146
2026-01-02T12:00:00+0000,8,0.0,1.029536,-1.029536
2026-01-02T12:00:00+0000,9,0.0,1.128758,-1.128758
2026-01-02T12:00:00+0000,10,0.0,1.096118,-1.096118
2026-01-02T13:00:00+0000,1,5.075459,0.0,5.075459
2026-01-02T13:00:00+0000,2,5.33027,0.0,5.33027
2026-01-02T13:00:00+0000,3,4.734634,0.0,4.734634
2026-01-02T13:00:00+0000,4,5.368743,0.0,5.368743
2026-01-02T13:00:00+0000,5,4.853852,0.0,4.853852
2026-01-02T13:00:00+0000,6,0.0,1.154708,-1.154708
2026-01-02T13:00:00+0000,7,0.0,0.708636,-0.708636
2026-01-02T13:00:00+0000,8,0.0,0.769644,-0.769644
2026-01-02T13:00:00+0000,9,0.0,0.727602,-0.727602
2026-01-02T13:00:00+0000,10,0.0,0.724437,-0.724437
2026-01-02T14:00:00+0000,1,4.473813,0.0,4.473813
2026-01-02T14:00:00+0000,2,4.818561,0.0,4.818561
2026-01-02T14:00:00+0000,3,4.884724,0.0,4.884724
2026-01-02T14:00:00+0000,4,4.544411,0.0,4.544411
2026-01-02T14:00:00+0000,5,4.717892,0.0,4.717892
2026-01-02T14:00:00+0000,6,0.0,0.99497,-0.99497
2026-01-02T14:00:00+0000,7,0.0,0.984083,-0.984083
2026-01-02T14:00:00+0000,8,0.0,0.803921,-0.803921
2026-01-02T14:00:00+0000,9,0.0,0.960311,-0.960311
2026-01-02T14:00:00+0000,10,0.0,0.939103,-0.939103
2026-01-02T15:00:00+0000,1,4.312301,0.0,4.312301
2026-01-02T15:00:00+0000,2,4.26834,0.0,4.26834
2026-01-02T15:00:00+0000,3,3.978005,0.0,3.978005
2026-01-02T15:00:00+0000,4,3.910554,0.0,3.910554
2026-01-02T15:00:00+0000,5,4.015389,0.0,4.015389
2026-01-02T15:00:00+0000,6,0.0,1.213894,-1.213894
2026-01-02T15:00:00+0000,7,0.0,1.095216,-1.095216
2026-01-02T15:00:00+0000,8,0.0,0.797761,-0.797761
2026-01-02T15:00:00+0000,9,0.0,0.742341,-0.742341
2026-01-02T15:00:00+0000,10,0.0,1.085452,-1.085452
2026-01-02T16:00:00+0000,1,3.502253,0.0,3.502253
2026-01-02T16:00:00+0000,2,3.046614,0.0,3.046614
2026-01-02T16:00:00+0000,3,2.955591,0.0,2.955591
2026-01-02T16:00:00+0000,4,3.055357,0.0,3.055357
2026-01-02T16:00:00+0000,5,3.165079,0.0,3.165079
2026-01-02T16:00:00+0000,6,0.0,0.932902,-0.932902
2026-01-02T16:00:00+0000,7,0.0,1.085973,-1.085973
2026-01-02T16:00:00+0000,8,0.0,0.974952,-0.974952
2026-01-02T16:00:00+0000,9,0.0,1.02737,-1.02737
2026-01-02T16:00:00+0000,10,0.0,1.264879,-1.264879
2026-01-02T17:00:00+0000,1,2.143427,0.0,2.143427
2026-01-02T17:00:00+0000,2,2.033862,0.0,2.033862
2026-01-02T17:00:00+0000,3,1.958275,0.0,1.958275
2026-01-02T17:00:00+0000,4,2.097081,0.0,2.097081
2026-01-02T17:00:00+0000,5,2.23256,0.0,2.23256
2026-01-02T17:00:00+0000,6,0.0,0.713963,-0.713963
2026-01-02T17:00:00+0000,7,0.0,1.188681,-1.188681
2026-01-02T17:00:00+0000,8,0.0,0.869113,-0.869113
2026-01-02T17:00:00+0000,9,0.0,0.770899,-0.770899
2026-01-02T17:00:00+0000,10,0.0,1.118042,-1.118042
2026-01-02T18:00:00+0000,1,1.153855,0.0,1.153855
2026-01-02T18:00:00+0000,2,1.426681,0.0,1.426681
2026-01-02T18:00:00+0000,3,1.308221,0.0,1.308221
2026-01-02T18:00:00+0000,4,1.409333,0.0,1.409333
2026-01-02T18:00:00+0000,5,1.372687,0.0,1.372687
2026-01-02T18:00:00+0000,6,0.0,3.369221,-3.369221
2026-01-02T18:00:00+0000,7,0.0,3.306464,-3.306464
2026-01-02T18:00:00+0000,8,0.0,3.650369,-3.650369
2026-01-02T18:00:00+0000,9,0.0,3.684101,-3.684101
2026-01-02T18:00:00+0000,10,0.0,3.794303,-3.794303
2026-01-02T19:00:00+0000,1,0.319142,0.0,0.319142
2026-01-02T19:00:00+0000,2,0.432562,0.0,0.432562
2026-01-02T19:00:00+0000,3,0.542836,0.0,0.542836
2026-01-02T19:00:00+0000,4,0.909064,0.0,0.909064
2026-01-02T19:00:00+0000,5,0.987248,0.0,0.987248
2026-01-02T19:00:00+0000,6,0.0,3.652726,-3.652726
2026-01-02T19:00:00+0000,7,0.0,3.261874,-3.261874
2026-01-02T19:00:00+0000,8,0.0,3.741532,-3.741532
2026-01-02T19:00:00+0000,9,0.0,3.503151,-3.503151
2026-01-02T19:00:00+0000,10,0.0,3.695874,-3.695874
2026-01-02T20:00:00+0000,1,0.240739,0.0,0.240739
2026-01-02T20:00:00+0000,2,0.465033,0.0,0.465033
2026-01-02T20:00:00+0000,3,0.266589,0.0,0.266589
2026-01-02T20:00:00+0000,4,0.393476,0.0,0.393476
2026-01-02T20:00:00+0000,5,0.302614,0.0,0.302614
2026-01-02T20:00:00+0000,6,0.0,3.770364,-3.770364
2026-01-02T20:00:00+0000,7,0.0,3.544063,-3.544063
2026-01-02T20:00:00+0000,8,0.0,3.579102,-3.579102
2026-01-02T20:00:00+0000,9,0.0,3.469067,-3.469067
2026-01-02T20:00:00+0000,10,0.0,3.375926,-3.375926
2026-01-02T21:00:00+0000,1,0.0,0.0,0.0
2026-01-02T21:00:00+0000,2,0.0,0.0,0.0
2026-01-02T21:00:00+0000,3,0.0,0.0,0.0
2026-01-02T21:00:00+0000,4,0.0,0.0,0.0
2026-01-02T21:00:00+0000,5,0.0,0.0,0.0
2026-01-02T21:00:00+0000,6,0.0,3.397199,-3.397199
2026-01-02T21:00:00+0000,7,0.0,3.603511,-3.603511
2026-01-02T21:00:00+0000,8,0.0,3.651425,-3.651425
2026-01-02T21:00:00+0000,9,0.0,3.674947,-3.674947
2026-01-02T21:00:00+0000,10,0.0,3.673771,-3.673771
2026-01-02T22:00:00+0000,1,0.0,0.0,0.0
2026-01-02T22:00:00+0000,2,0.0,0.0,0.0
2026-01-02T22:00:00+0000,3,0.0,0.0,0.0
2026-01-02T22:00:00+0000,4,0.0,0.0,0.0
2026-01-02T22:00:00+0000,5,0.0,0.0,0.0
2026-01-02T22:00:00+0000,6,0.0,3.254724,-3.254724
2026-01-02T22:00:00+0000,7,0.0,3.496652,-3.496652
2026-01-02T22:00:00+0000,8,0.0,3.234535,-3.234535
2026-01-02T22:00:00+0000,9,0.0,3.529717,-3.529717
2026-01-02T22:00:00+0000,10,0.0,3.464918,-3.464918
2026-01-02T23:00:00+0000,1,0.0,0.0,0.0
2026-01-02T23:00:00+0000,2,0.0,0.0,0.0
2026-01-02T23:00:00+0000,3,0.0,0.0,0.0
2026-01-02T23:00:00+0000,4,0.0,0.0,0.0
2026-01-02T23:00:00+0000,5,0.0,0.0,0.0
2026-01-02T23:00:00+0000,6,0.0,1.232623,-1.232623
2026-01-02T23:00:00+0000,7,0.0,0.910549,-0.910549
2026-01-02T23:00:00+0000,8,0.0,0.77024,-0.77024
2026-01-02T23:00:00+0000,9,0.0,0.785795,-0.785795
2026-01-02T23:00:00+0000,10,0.0,1.156906,-1.156906
2026-01-03T00:00:00+0000,1,0.0,0.0,0.0
2026-01-03T00:00:00+0000,2,0.0,0.0,0.0
2026-01-03T00:00:00+0000,3,0.0,0.0,0.0
2026-01-03T00:00:00+0000,4,0.0,0.0,0.0
2026-01-03T00:00:00+0000,5,0.0,0.0,0.0
2026-01-03T00:00:00+0000,6,0.0,1.070931,-1.070931
2026-01-03T00:00:00+0000,7,0.0,0.760674,-0.760674
2026-01-03T00:00:00+0000,8,0.0,0.750464,-0.750464
2026-01-03T00:00:00+0000,9,0.0,1.120581,-1.120581
2026-01-03T00:00:00+0000,10,0.0,0.743658,-0.743658
2026-01-03T01:00:00+0000,1,0.0,0.0,0.0
2026-01-03T01:00:00+0000,2,0.0,0.0,0.0
2026-01-03T01:00:00+0000,3,0.0,0.0,0.0
2026-01-03T01:00:00+0000,4,0.0,0.0,0.0
2026-01-03T01:00:00+0000,5,0.0,0.0,0.0
2026-01-03T01:00:00+0000,6,0.0,1.193116,-1.193116
2026-01-03T01:00:00+0000,7,0.0,1.123745,-1.123745
2026-01-03T01:00:00+0000,8,0.0,0.748809,-0.748809
2026-01-03T01:00:00+0000,9,0.0,0.750903,-0.750903
2026-01-03T01:00:00+0000,10,0.0,1.291984,-1.291984
2026-01-03T02:00:00+0000,1,0.0,0.0,0.0
2026-01-03T02:00:00+0000,2,0.0,0.0,0.0
2026-01-03T02:00:00+0000,3,0.0,0.0,0.0
2026-01-03T02:00:00+0000,4,0.0,0.0,0.0
2026-01-03T02:00:00+0000,5,0.0,0.0,0.0
2026-01-03T02:00:00+0000,6,0.0,0.924562,-0.924562
2026-01-03T02:00:00+0000,7,0.0,0.922385,-0.922385
2026-01-03T02:00:00+0000,8,0.0,1.18768,-1.18768
2026-01-03T02:00:00+0000,9,0.0,1.268349,-1.268349
2026-01-03T02:00:00+0000,10,0.0,1.291601,-1.291601
2026-01-03T03:00:00+0000,1,0.0,0.0,0.0
2026-01-03T03:00:00+0000,2,0.0,0.0,0.0
2026-01-03T03:00:00+0000,3,0.0,0.0,0.0
2026-01-03T03:00:00+0000,4,0.0,0.0,0.0
2026-01-03T03:00:00+0000,5,0.0,0.0,0.0
2026-01-03T03:00:00+0000,6,0.0,1.152027,-1.152027
2026-01-03T03:00:00+0000,7,0.0,0.925756,-0.925756
2026-01-03T03:00:00+0000,8,0.0,0.7501,-0.7501
2026-01-03T03:00:00+0000,9,0.0,1.166288,-1.166288
2026-01-03T03:00:00+0000,10,0.0,1.035043,-1.035043
2026-01-03T04:00:00+0000,1,0.0,0.0,0.0
2026-01-03T04:00:00+0000,2,0.0,0.0,0.0
2026-01-03T04:00:00+0000,3,0.0,0.0,0.0
2026-01-03T04:00:00+0000,4,0.0,0.0,0.0
2026-01-03T04:00:00+0000,5,0.0,0.0,0.0
2026-01-03T04:00:00+0000,6,0.0,0.954533,-0.954533
2026-01-03T04:00:00+0000,7,0.0,1.243813,-1.243813
2026-01-03T04:00:00+0000,8,0.0,0.766718,-0.766718
2026-01-03T04:00:00+0000,9,0.0,0.995575,-0.995575
2026-01-03T04:00:00+0000,10,0.0,0.706812,-0.706812
2026-01-03T05:00:00+0000,1,0.0,0.0,0.0
2026-01-03T05:00:00+0000,2,0.0,0.0,0.0
2026-01-03T05:00:00+0000,3,0.0,0.0,0.0
2026-01-03T05:00:00+0000,4,0.0,0.0,0.0
2026-01-03T05:00:00+0000,5,0.0,0.0,0.0
2026-01-03T05:00:00+0000,6,0.0,0.981196,-0.981196
2026-01-03T05:00:00+0000,7,0.0,0.733782,-0.733782
2026-01-03T05:00:00+0000,8,0.0,0.771291,-0.771291
2026-01-03T05:00:00+0000,9,0.0,0.770516,-0.770516
2026-01-03T05:00:00+0000,10,0.0,1.089526,-1.089526
2026-01-03T06:00:00+0000,1,0.432512,0.0,0.432512
2026-01-03T06:00:00+0000,2,0.63519,0.0,0.63519
2026-01-03T06:00:00+0000,3,0.306891,0.0,0.306891
2026-01-03T06:00:00+0000,4,0.408985,0.0,0.408985
2026-01-03T06:00:00+0000,5,0.466671,0.0,0.466671
2026-01-03T06:00:00+0000,6,0.0,0.834158,-0.834158
2026-01-03T06:00:00+0000,7,0.0,1.277934,-1.277934
2026-01-03T06:00:00+0000,8,0.0,0.707293,-0.707293
2026-01-03T06:00:00+0000,9,0.0,1.281927,-1.281927
2026-01-03T06:00:00+0000,10,0.0,0.725896,-0.725896
2026-01-03T07:00:00+0000,1,0.596432,0.0,0.596432
2026-01-03T07:00:00+0000,2,0.690607,0.0,0.690607
2026-01-03T07:00:00+0000,3,0.873377,0.0,0.873377
2026-01-03T07:00:00+0000,4,0.771402,0.0,0.771402
2026-01-03T07:00:00+0000,5,0.687547,0.0,0.687547
2026-01-03T07:00:00+0000,6,0.0,3.013859,-3.013859
2026-01-03T07:00:00+0000,7,0.0,3.077639,-3.077639
2026-01-03T07:00:00+0000,8,0.0,3.117449,-3.117449
2026-01-03T07:00:00+0000,9,0.0,2.972725,-2.972725
2026-01-03T07:00:00+0000,10,0.0,3.076535,-3.076535
2026-01-03T08:00:00+0000,1,1.421225,0.0,1.421225
2026-01-03T08:00:00+0000,2,1.283429,0.0,1.283429
2026-01-03T08:00:00+0000,3,1.684722,0.0,1.684722
2026-01-03T08:00:00+0000,4,1.085101,0.0,1.085101
2026-01-03T08:00:00+0000,5,1.078817,0.0,1.078817
2026-01-03T08:00:00+0000,6,0.0,2.978219,-2.978219
2026-01-03T08:00:00+0000,7,0.0,2.912011,-2.912011
2026-01-03T08:00:00+0000,8,0.0,3.050194,-3.050194
2026-01-03T08:00:00+0000,9,0.0,2.746641,-2.746641
2026-01-03T08:00:00+0000,10,0.0,3.284637,-3.284637
2026-01-03T09:00:00+0000,1,1.935683,0.0,1.935683
2026-01-03T09:00:00+0000,2,1.67302,0.0,1.67302
2026-01-03T09:00:00+0000,3,2.128057,0.0,2.128057
2026-01-03T09:00:00+0000,4,2.169831,0.0,2.169831
2026-01-03T09:00:00+0000,5,2.249666,0.0,2.249666
2026-01-03T09:00:00+0000,6,0.0,2.79757,-2.79757
2026-01-03T09:00:00+0000,7,0.0,3.246556,-3.246556
2026-01-03T09:00:00+0000,8,0.0,3.193522,-3.193522
2026-01-03T09:00:00+0000,9,0.0,3.26988,-3.26988
2026-01-03T09:00:00+0000,10,0.0,3.135432,-3.135432
2026-01-03T10:00:00+0000,1,2.768607,0.0,2.768607
2026-01-03T10:00:00+0000,2,3.398945,0.0,3.398945
2026-01-03T10:00:00+0000,3,3.268541,0.0,3.268541
2026-01-03T10:00:00+0000,4,2.938818,0.0,2.938818
2026-01-03T10:00:00+0000,5,2.690026,0.0,2.690026
2026-01-03T10:00:00+0000,6,0.0,1.281949,-1.281949
2026-01-03T10:00:00+0000,7,0.0,1.205271,-1.205271
2026-01-03T10:00:00+0000,8,0.0,1.202997,-1.202997
2026-01-03T10:00:00+0000,9,0.0,0.981216,-0.981216
2026-01-03T10:00:00+0000,10,0.0,0.948892,-0.948892
2026-01-03T11:00:00+0000,1,4.274461,0.0,4.274461
2026-01-03T11:00:00+0000,2,3.981961,0.0,3.981961
2026-01-03T11:00:00+0000,3,3.99259,0.0,3.99259
2026-01-03T11:00:00+0000,4,4.055565,0.0,4.055565
2026-01-03T11:00:00+0000,5,4.064157,0.0,4.064157
2026-01-03T11:00:00+0000,6,0.0,1.299831,-1.299831
2026-01-03T11:00:00+0000,7,0.0,1.297982,-1.297982
2026-01-03T11:00:00+0000,8,0.0,1.033259,-1.033259
2026-01-03T11:00:00+0000,9,0.0,1.161392,-1.161392
2026-01-03T11:00:00+0000,10,0.0,1.266859,-1.266859
2026-01-03T12:00:00+0000,1,4.639784,0.0,4.639784
2026-01-03T12:00:00+0000,2,4.854367,0.0,4.854367
2026-01-03T12:00:00+0000,3,4.516273,0.0,4.516273
2026-01-03T12:00:00+0000,4,4.701321,0.0,4.701321
2026-01-03T12:00:00+0000,5,4.753856,0.0,4.753856
2026-01-03T12:00:00+0000,6,0.0,0.837186,-0.837186
2026-01-03T12:00:00+0000,7,0.0,1.10302,-1.10302
2026-01-03T12:00:00+0000,8,0.0,1.070877,-1.070877
2026-01-03T12:00:00+0000,9,0.0,0.914898,-0.914898
2026-01-03T12:00:00+0000,10,0.0,0.768135,-0.768135
2026-01-03T13:00:00+0000,1,5.102888,0.0,5.102888
2026-01-03T13:00:00+0000,2,5.048467,0.0,5.048467
2026-01-03T13:00:00+0000,3,5.40948,0.0,5.40948
2026-01-03T13:00:00+0000,4,5.022972,0.0,5.022972
2026-01-03T13:00:00+0000,5,5.310253,0.0,5.310253
2026-01-03T13:00:00+0000,6,0.0,1.211309,-1.211309
2026-01-03T13:00:00+0000,7,0.0,1.031144,-1.031144
2026-01-03T13:00:00+0000,8,0.0,1.036563,-1.036563
2026-01-03T13:00:00+0000,9,0.0,1.225992,-1.225992
2026-01-03T13:00:00+0000,10,0.0,0.94209,-0.94209
2026-01-03T14:00:00+0000,1,4.858873,0.0,4.858873
2026-01-03T14:00:00+0000,2,5.003524,0.0,5.003524
2026-01-03T14:00:00+0000,3,4.536813,0.0,4.536813
2026-01-03T14:00:00+0000,4,4.867008,0.0,4.867008
2026-01-03T14:00:00+0000,5,4.941482,0.0,4.941482
2026-01-03T14:00:00+0000,6,0.0,0.935346,-0.935346
2026-01-03T14:00:00+0000,7,0.0,0.962485,-0.962485
2026-01-03T14:00:00+0000,8,0.0,1.242495,-1.242495
2026-01-03T14:00:00+0000,9,0.0,0.908953,-0.908953
2026-01-03T14:00:00+0000,10,0.0,1.008394,-1.008394
2026-01-03T15:00:00+0000,1,3.651939,0.0,3.651939
2026-01-03T15:00:00+0000,2,3.906344,0.0,3.906344
2026-01-03T15:00:00+0000,3,4.270576,0.0,4.270576
2026-01-03T15:00:00+0000,4,4.199996,0.0,4.199996
2026-01-03T15:00:00+0000,5,4.069827,0.0,4.069827
2026-01-03T15:00:00+0000,6,0.0,1.269712,-1.269712
2026-01-03T15:00:00+0000,7,0.0,0.788244,-0.788244
2026-01-03T15:00:00+0000,8,0.0,1.255953,-1.255953
2026-01-03T15:00:00+0000,9,0.0,0.99527,-0.99527
2026-01-03T15:00:00+0000,10,0.0,0.854947,-0.854947
2026-01-03T16:00:00+0000,1,3.109466,0.0,3.109466
2026-01-03T16:00:00+0000,2,3.026114,0.0,3.026114
2026-01-03T16:00:00+0000,3,2.619165,0.0,2.619165
2026-01-03T16:00:00+0000,4,3.014829,0.0,3.014829
2026-01-03T16:00:00+0000,5,2.771759,0.0,2.771759
2026-01-03T16:00:00+0000,6,0.0,0.745518,-0.745518
2026-01-03T16:00:00+0000,7,0.0,0.777328,-0.777328
2026-01-03T16:00:00+0000,8,0.0,0.776828,-0.776828
2026-01-03T16:00:00+0000,9,0.0,0.791142,-0.791142
2026-01-03T16:00:00+0000,10,0.0,0.783296,-0.783296
2026-01-03T17:00:00+0000,1,2.189496,0.0,2.189496
2026-01-03T17:00:00+0000,2,1.835311,0.0,1.835311
2026-01-03T17:00:00+0000,3,2.153096,0.0,2.153096
2026-01-03T17:00:00+0000,4,2.205035,0.0,2.205035
2026-01-03T17:00:00+0000,5,1.997423,0.0,1.997423
2026-01-03T17:00:00+0000,6,0.0,0.984377,-0.984377
2026-01-03T17:00:00+0000,7,0.0,1.100535,-1.100535
2026-01-03T17:00:00+0000,8,0.0,0.803392,-0.803392
2026-01-03T17:00:00+0000,9,0.0,0.815373,-0.815373
2026-01-03T17:00:00+0000,10,0.0,0.724521,-0.724521
2026-01-03T18:00:00+0000,1,1.14071,0.0,1.14071
2026-01-03T18:00:00+0000,2,1.088186,0.0,1.088186
2026-01-03T18:00:00+0000,3,1.225355,0.0,1.225355
2026-01-03T18:00:00+0000,4,1.039713,0.0,1.039713
2026-01-03T18:00:00+0000,5,1.136031,0.0,1.136031
2026-01-03T18:00:00+0000,6,0.0,3.50205,-3.50205
2026-01-03T18:00:00+0000,7,0.0,3.614237,-3.614237
2026-01-03T18:00:00+0000,8,0.0,3.223587,-3.223587
2026-01-03T18:00:00+0000,9,0.0,3.679646,-3.679646
2026-01-03T18:00:00+0000,10,0.0,3.57674,-3.57674
2026-01-03T19:00:00+0000,1,0.437101,0.0,0.437101
2026-01-03T19:00:00+0000,2,0.846947,0.0,0.846947
2026-01-03T19:00:00+0000,3,0.552604,0.0,0.552604
2026-01-03T19:00:00+0000,4,0.529394,0.0,0.529394
2026-01-03T19:00:00+0000,5,0.792577,0.0,0.792577
2026-01-03T19:00:00+0000,6,0.0,3.32561,-3.32561
2026-01-03T19:00:00+0000,7,0.0,3.422283,-3.422283
2026-01-03T19:00:00+0000,8,0.0,3.490714,-3.490714
2026-01-03T19:00:00+0000,9,0.0,3.570953,-3.570953
2026-01-03T19:00:00+0000,10,0.0,3.421348,-3.421348
2026-01-03T20:00:00+0000,1,0.657636,0.0,0.657636
2026-01-03T20:00:00+0000,2,0.278835,0.0,0.278835
2026-01-03T20:00:00+0000,3,0.443954,0.0,0.443954
2026-01-03T20:00:00+0000,4,0.390893,0.0,0.390893
2026-01-03T20:00:00+0000,5,0.944419,0.0,0.944419
2026-01-03T20:00:00+0000,6,0.0,3.264303,-3.264303
2026-01-03T20:00:00+0000,7,0.0,3.468447,-3.468447
2026-01-03T20:00:00+0000,8,0.0,3.51957,-3.51957
2026-01-03T20:00:00+0000,9,0.0,3.345482,-3.345482
2026-01-03T20:00:00+0000,10,0.0,3.361546,-3.361546
2026-01-03T21:00:00+0000,1,0.0,0.0,0.0
2026-01-03T21:00:00+0000,2,0.0,0.0,0.0
2026-01-03T21:00:00+0000,3,0.0,0.0,0.0
2026-01-03T21:00:00+0000,4,0.0,0.0,0.0
2026-01-03T21:00:00+0000,5,0.0,0.0,0.0
2026-01-03T21:00:00+0000,6,0.0,3.42637,-3.42637
2026-01-03T21:00:00+0000,7,0.0,3.212043,-3.212043
2026-01-03T21:00:00+0000,8,0.0,3.393247,-3.393247
2026-01-03T21:00:00+0000,9,0.0,3.326869,-3.326869
2026-01-03T21:00:00+0000,10,0.0,3.396498,-3.396498
2026-01-03T22:00:00+0000,1,0.0,0.0,0.0
2026-01-03T22:00:00+0000,2,0.0,0.0,0.0
2026-01-03T22:00:00+0000,3,0.0,0.0,0.0
2026-01-03T22:00:00+0000,4,0.0,0.0,0.0
2026-01-03T22:00:00+0000,5,0.0,0.0,0.0
2026-01-03T22:00:00+0000,6,0.0,3.271857,-3.271857
2026-01-03T22:00:00+0000,7,0.0,3.734316,-3.734316
2026-01-03T22:00:00+0000,8,0.0,3.556155,-3.556155
2026-01-03T22:00:00+0000,9,0.0,3.607461,-3.607461
2026-01-03T22:00:00+0000,10,0.0,3.673503,-3.673503
2026-01-03T23:00:00+0000,1,0.0,0.0,0.0
2026-01-03T23:00:00+0000,2,0.0,0.0,0.0
2026-01-03T23:00:00+0000,3,0.0,0.0,0.0
2026-01-03T23:00:00+0000,4,0.0,0.0,0.0
2026-01-03T23:00:00+0000,5,0.0,0.0,0.0
2026-01-03T23:00:00+0000,6,0.0,0.999065,-0.999065
2026-01-03T23:00:00+0000,7,0.0,0.752152,-0.752152
2026-01-03T23:00:00+0000,8,0.0,1.022264,-1.022264
2026-01-03T23:00:00+0000,9,0.0,1.052105,-1.052105
2026-01-03T23:00:00+0000,10,0.0,1.147264,-1.147264
2026-01-04T00:00:00+0000,1,0.0,0.0,0.0
2026-01-04T00:00:00+0000,2,0.0,0.0,0.0
2026-01-04T00:00:00+0000,3,0.0,0.0,0.0
2026-01-04T00:00:00+0000,4,0.0,0.0,0.0
2026-01-04T00:00:00+0000,5,0.0,0.0,0.0
2026-01-04T00:00:00+0000,6,0.0,0.958996,-0.958996
2026-01-04T00:00:00+0000,7,0.0,0.776548,-0.776548
2026-01-04T00:00:00+0000,8,0.0,0.870266,-0.870266
2026-01-04T00:00:00+0000,9,0.0,0.917849,-0.917849
2026-01-04T00:00:00+0000,10,0.0,1.08755,-1.08755
2026-01-04T01:00:00+0000,1,0.0,0.0,0.0
2026-01-04T01:00:00+0000,2,0.0,0.0,0.0
2026-01-04T01:00:00+0000,3,0.0,0.0,0.0
2026-01-04T01:00:00+0000,4,0.0,0.0,0.0
2026-01-04T01:00:00+0000,5,0.0,0.0,0.0
2026-01-04T01:00:00+0000,6,0.0,1.042467,-1.042467
2026-01-04T01:00:00+0000,7,0.0,0.913658,-0.913658
2026-01-04T01:00:00+0000,8,0.0,1.291909,-1.291909
2026-01-04T01:00:00+0000,9,0.0,1.063465,-1.063465
2026-01-04T01:00:00+0000,10,0.0,0.842336,-0.842336
2026-01-04T02:00:00+0000,1,0.0,0.0,0.0
2026-01-04T02:00:00+0000,2,0.0,0.0,0.0
2026-01-04T02:00:00+0000,3,0.0,0.0,0.0
2026-01-04T02:00:00+0000,4,0.0,0.0,0.0
2026-01-04T02:00:00+0000,5,0.0,0.0,0.0
2026-01-04T02:00:00+0000,6,0.0,0.761069,-0.761069
2026-01-04T02:00:00+0000,7,0.0,0.791715,-0.791715
2026-01-04T02:00:00+0000,8,0.0,0.847575,-0.847575
2026-01-04T02:00:00+0000,9,0.0,0.796409,-0.796409
2026-01-04T02:00:00+0000,10,0.0,0.81194,-0.81194
2026-01-04T03:00:00+0000,1,0.0,0.0,0.0
2026-01-04T03:00:00+0000,2,0.0,0.0,0.0
2026-01-04T03:00:00+0000,3,0.0,0.0,0.0
2026-01-04T03:00:00+0000,4,0.0,0.0,0.0
2026-01-04T03:00:00+0000,5,0.0,0.0,0.0
2026-01-04T03:00:00+0000,6,0.0,0.871057,-0.871057
2026-01-04T03:00:00+0000,7,0.0,0.804024,-0.804024
2026-01-04T03:00:00+0000,8,0.0,1.238059,-1.238059
2026-01-04T03:00:00+0000,9,0.0,0.74814,-0.74814
2026-01-04T03:00:00+0000,10,0.0,1.014707,-1.014707
2026-01-04T04:00:00+0000,1,0.0,0.0,0.0
2026-01-04T04:00:00+0000,2,0.0,0.0,0.0
2026-01-04T04:00:00+0000,3,0.0,0.0,0.0
2026-01-04T04:00:00+0000,4,0.0,0.0,0.0
2026-01-04T04:00:00+0000,5,0.0,0.0,0.0
2026-01-04T04:00:00+0000,6,0.0,0.946238,-0.946238
2026-01-04T04:00:00+0000,7,0.0,1.289427,-1.289427
2026-01-04T04:00:00+0000,8,0.0,0.767223,-0.767223
2026-01-04T04:00:00+0000,9,0.0,0.938713,-0.938713
2026-01-04T04:00:00+0000,10,0.0,1.281682,-1.281682
2026-01-04T05:00:00+0000,1,0.0,0.0,0.0
2026-01-04T05:00:00+0000,2,0.0,0.0,0.0
2026-01-04T05:00:00+0000,3,0.0,0.0,0.0
2026-01-04T05:00:00+0000,4,0.0,0.0,0.0
2026-01-04T05:00:00+0000,5,0.0,0.0,0.0
2026-01-04T05:00:00+0000,6,0.0,1.219304,-1.219304
2026-01-04T05:00:00+0000,7,0.0,1.190243,-1.190243
2026-01-04T05:00:00+0000,8,0.0,0.854742,-0.854742
2026-01-04T05:00:00+0000,9,0.0,0.802533,-0.802533
2026-01-04T05:00:00+0000,10,0.0,1.101186,-1.101186
2026-01-04T06:00:00+0000,1,0.552558,0.0,0.552558
2026-01-04T06:00:00+0000,2,0.348509,0.0,0.348509
2026-01-04T06:00:00+0000,3,0.47892,0.0,0.47892
2026-01-04T06:00:00+0000,4,0.0,0.0,0.0
2026-01-04T06:00:00+0000,5,0.437315,0.0,0.437315
2026-01-04T06:00:00+0000,6,0.0,1.161696,-1.161696
2026-01-04T06:00:00+0000,7,0.0,0.812226,-0.812226
2026-01-04T06:00:00+0000,8,0.0,0.894208,-0.894208
2026-01-04T06:00:00+0000,9,0.0,0.955262,-0.955262
2026-01-04T06:00:00+0000,10,0.0,1.004566,-1.004566
2026-01-04T07:00:00+0000,1,0.584953,0.0,0.584953
2026-01-04T07:00:00+0000,2,0.615333,0.0,0.615333
2026-01-04T07:00:00+0000,3,0.371818,0.0,0.371818
2026-01-04T07:00:00+0000,4,0.836224,0.0,0.836224
2026-01-04T07:00:00+0000,5,0.448848,0.0,0.448848
2026-01-04T07:00:00+0000,6,0.0,2.988684,-2.988684
2026-01-04T07:00:00+0000,7,0.0,3.019554,-3.019554
2026-01-04T07:00:00+0000,8,0.0,2.731094,-2.731094
2026-01-04T07:00:00+0000,9,0.0,2.901963,-2.901963
2026-01-04T07:00:00+0000,10,0.0,2.780649,-2.780649
2026-01-04T08:00:00+0000,1,1.30031,0.0,1.30031
2026-01-04T08:00:00+0000,2,1.44802,0.0,1.44802
2026-01-04T08:00:00+0000,3,1.131383,0.0,1.131383
2026-01-04T08:00:00+0000,4,1.413899,0.0,1.413899
2026-01-04T08:00:00+0000,5,1.02082,0.0,1.02082
2026-01-04T08:00:00+0000,6,0.0,3.156137,-3.156137
2026-01-04T08:00:00+0000,7,0.0,3.057383,-3.057383
2026-01-04T08:00:00+0000,8,0.0,2.982946,-2.982946
2026-01-04T08:00:00+0000,9,0.0,2.947105,-2.947105
2026-01-04T08:00:00+0000,10,0.0,2.909321,-2.909321
2026-01-04T09:00:00+0000,1,2.089507,0.0,2.089507
2026-01-04T09:00:00+0000,2,2.07344,0.0,2.07344
2026-01-04T09:00:00+0000,3,2.15317,0.0,2.15317
2026-01-04T09:00:00+0000,4,2.371588,0.0,2.371588
2026-01-04T09:00:00+0000,5,2.031591,0.0,2.031591
2026-01-04T09:00:00+0000,6,0.0,3.17716,-3.17716
2026-01-04T09:00:00+0000,7,0.0,2.820976,-2.820976
2026-01-04T09:00:00+0000,8,0.0,2.798194,-2.798194
2026-01-04T09:00:00+0000,9,0.0,2.798559,-2.798559
2026-01-04T09:00:00+0000,10,0.0,3.188745,-3.188745
2026-01-04T10:00:00+0000,1,3.055399,0.0,3.055399
2026-01-04T10:00:00+0000,2,3.090608,0.0,3.090608
2026-01-04T10:00:00+0000,3,3.447733,0.0,3.447733
2026-01-04T10:00:00+0000,4,3.206878,0.0,3.206878
2026-01-04T10:00:00+0000,5,2.967449,0.0,2.967449
2026-01-04T10:00:00+0000,6,0.0,0.935467,-0.935467
2026-01-04T10:00:00+0000,7,0.0,1.18996,-1.18996
2026-01-04T10:00:00+0000,8,0.0,0.963481,-0.963481
2026-01-04T10:00:00+0000,9,0.0,0.926167,-0.926167
2026-01-04T10:00:00+0000,10,0.0,0.977608,-0.977608
2026-01-04T11:00:00+0000,1,4.214006,0.0,4.214006
2026-01-04T11:00:00+0000,2,3.834978,0.0,3.834978
2026-01-04T11:00:00+0000,3,3.687637,0.0,3.687637
2026-01-04T11:00:00+0000,4,4.006898,0.0,4.006898
2026-01-04T11:00:00+0000,5,3.955851,0.0,3.955851
2026-01-04T11:00:00+0000,6,0.0,1.026132,-1.026132
2026-01-04T11:00:00+0000,7,0.0,1.243883,-1.243883
2026-01-04T11:00:00+0000,8,0.0,1.074543,-1.074543
2026-01-04T11:00:00+0000,9,0.0,0.770139,-0.770139
2026-01-04T11:00:00+0000,10,0.0,1.263899,-1.263899
2026-01-04T12:00:00+0000,1,4.894418,0.0,4.894418
2026-01-04T12:00:00+0000,2,4.43408,0.0,4.43408
2026-01-04T12:00:00+0000,3,4.958548,0.0,4.958548
2026-01-04T12:00:00+0000,4,4.797497,0.0,4.797497
2026-01-04T12:00:00+0000,5,4.64674,0.0,4.64674
2026-01-04T12:00:00+0000,6,0.0,1.072044,-1.072044
2026-01-04T12:00:00+0000,7,0.0,1.020077,-1.020077
2026-01-04T12:00:00+0000,8,0.0,1.236336,-1.236336
2026-01-04T12:00:00+0000,9,0.0,1.173158,-1.173158
2026-01-04T12:00:00+0000,10,0.0,0.791005,-0.791005
2026-01-04T13:00:00+0000,1,4.781722,0.0,4.781722
2026-01-04T13:00:00+0000,2,4.8366,0.0,4.8366
2026-01-04T13:00:00+0000,3,5.301954,0.0,5.301954
2026-01-04T13:00:00+0000,4,5.080407,0.0,5.080407
2026-01-04T13:00:00+0000,5,4.930495,0.0,4.930495
2026-01-04T13:00:00+0000,6,0.0,1.192754,-1.192754
2026-01-04T13:00:00+0000,7,0.0,0.766379,-0.766379
2026-01-04T13:00:00+0000,8,0.0,1.207871,-1.207871
2026-01-04T13:00:00+0000,9,0.0,0.776493,-0.776493
2026-01-04T13:00:00+0000,10,0.0,0.938372,-0.938372
2026-01-04T14:00:00+0000,1,4.895625,0.0,4.895625
2026-01-04T14:00:00+0000,2,4.640939,0.0,4.640939
2026-01-04T14:00:00+0000,3,4.805257,0.0,4.805257
2026-01-04T14:00:00+0000,4,4.881195,0.0,4.881195
2026-01-04T14:00:00+0000,5,4.545364,0.0,4.545364
2026-01-04T14:00:00+0000,6,0.0,1.132022,-1.132022
2026-01-04T14:00:00+0000,7,0.0,1.084689,-1.084689
2026-01-04T14:00:00+0000,8,0.0,1.116369,-1.116369
2026-01-04T14:00:00+0000,9,0.0,1.025635,-1.025635
2026-01-04T14:00:00+0000,10,0.0,0.851079,-0.851079
2026-01-04T15:00:00+0000,1,3.79201,0.0,3.79201
2026-01-04T15:00:00+0000,2,3.901104,0.0,3.901104
2026-01-04T15:00:00+0000,3,4.037806,0.0,4.037806
2026-01-04T15:00:00+0000,4,4.1708,0.0,4.1708
2026-01-04T15:00:00+0000,5,3.825518,0.0,3.825518
2026-01-04T15:00:00+0000,6,0.0,1.26837,-1.26837
2026-01-04T15:00:00+0000,7,0.0,0.792011,-0.792011
2026-01-04T15:00:00+0000,8,0.0,1.051738,-1.051738
2026-01-04T15:00:00+0000,9,0.0,1.003533,-1.003533
2026-01-04T15:00:00+0000,10,0.0,1.066873,-1.066873
2026-01-04T16:00:00+0000,1,2.567709,0.0,2.567709
2026-01-04T16:00:00+0000,2,3.054532,0.0,3.054532
2026-01-04T16:00:00+0000,3,3.177807,0.0,3.177807
2026-01-04T16:00:00+0000,4,3.128855,0.0,3.128855
2026-01-04T16:00:00+0000,5,3.07743,0.0,3.07743
2026-01-04T16:00:00+0000,6,0.0,1.124343,-1.124343
2026-01-04T16:00:00+0000,7,0.0,0.791523,-0.791523
2026-01-04T16:00:00+0000,8,0.0,1.045773,-1.045773
2026-01-04T16:00:00+0000,9,0.0,1.064029,-1.064029
2026-01-04T16:00:00+0000,10,0.0,0.954478,-0.954478
2026-01-04T17:00:00+0000,1,2.092338,0.0,2.092338
2026-01-04T17:00:00+0000,2,2.075581,0.0,2.075581
2026-01-04T17:00:00+0000,3,2.037516,0.0,2.037516
2026-01-04T17:00:00+0000,4,2.211776,0.0,2.211776
2026-01-04T17:00:00+0000,5,2.5633,0.0,2.5633
2026-01-04T17:00:00+0000,6,0.0,0.939402,-0.939402
2026-01-04T17:00:00+0000,7,0.0,0.732857,-0.732857
2026-01-04T17:00:00+0000,8,0.0,0.901118,-0.901118
2026-01-04T17:00:00+0000,9,0.0,1.181712,-1.181712
2026-01-04T17:00:00+0000,10,0.0,0.702779,-0.702779
2026-01-04T18:00:00+0000,1,1.351552,0.0,1.351552
2026-01-04T18:00:00+0000,2,1.04434,0.0,1.04434
2026-01-04T18:00:00+0000,3,0.91579,0.0,0.91579
2026-01-04T18:00:00+0000,4,1.411395,0.0,1.411395
2026-01-04T18:00:00+0000,5,1.261425,0.0,1.261425
2026-01-04T18:00:00+0000,6,0.0,3.407808,-3.407808
2026-01-04T18:00:00+0000,7,0.0,3.408172,-3.408172
2026-01-04T18:00:00+0000,8,0.0,3.642501,-3.642501
2026-01-04T18:00:00+0000,9,0.0,3.471331,-3.471331
2026-01-04T18:00:00+0000,10,0.0,3.334763,-3.334763
2026-01-04T19:00:00+0000,1,0.451593,0.0,0.451593
2026-01-04T19:00:00+0000,2,0.646869,0.0,0.646869
2026-01-04T19:00:00+0000,3,0.675346,0.0,0.675346
2026-01-04T19:00:00+0000,4,0.412847,0.0,0.412847
2026-01-04T19:00:00+0000,5,0.837564,0.0,0.837564
2026-01-04T19:00:00+0000,6,0.0,3.417436,-3.417436
2026-01-04T19:00:00+0000,7,0.0,3.548353,-3.548353
2026-01-04T19:00:00+0000,8,0.0,3.579359,-3.579359
2026-01-04T19:00:00+0000,9,0.0,3.207857,-3.207857
2026-01-04T19:00:00+0000,10,0.0,3.598122,-3.598122
2026-01-04T20:00:00+0000,1,0.2972,0.0,0.2972
2026-01-04T20:00:00+0000,2,0.274865,0.0,0.274865
2026-01-04T20:00:00+0000,3,0.107337,0.0,0.107337
2026-01-04T20:00:00+0000,4,0.843315,0.0,0.843315
2026-01-04T20:00:00+0000,5,0.340486,0.0,0.340486
2026-01-04T20:00:00+0000,6,0.0,3.240246,-3.240246
2026-01-04T20:00:00+0000,7,0.0,3.649976,-3.649976
2026-01-04T20:00:00+0000,8,0.0,3.325943,-3.325943
2026-01-04T20:00:00+0000,9,0.0,3.738833,-3.738833
2026-01-04T20:00:00+0000,10,0.0,3.323084,-3.323084
2026-01-04T21:00:00+0000,1,0.0,0.0,0.0
2026-01-04T21:00:00+0000,2,0.0,0.0,0.0
2026-01-04T21:00:00+0000,3,0.0,0.0,0.0
2026-01-04T21:00:00+0000,4,0.0,0.0,0.0
2026-01-04T21:00:00+0000,5,0.0,0.0,0.0
2026-01-04T21:00:00+0000,6,0.0,3.314413,-3.314413
2026-01-04T21:00:00+0000,7,0.0,3.22193,-3.22193
2026-01-04T21:00:00+0000,8,0.0,3.48324,-3.48324
2026-01-04T21:00:00+0000,9,0.0,3.538905,-3.538905
2026-01-04T21:00:00+0000,10,0.0,3.239425,-3.239425
2026-01-04T22:00:00+0000,1,0.0,0.0,0.0
2026-01-04T22:00:00+0000,2,0.0,0.0,0.0
2026-01-04T22:00:00+0000,3,0.0,0.0,0.0
2026-01-04T22:00:00+0000,4,0.0,0.0,0.0
2026-01-04T22:00:00+0000,5,0.0,0.0,0.0
2026-01-04T22:00:00+0000,6,0.0,3.665317,-3.665317
2026-01-04T22:00:00+0000,7,0.0,3.471973,-3.471973
2026-01-04T22:00:00+0000,8,0.0,3.514634,-3.514634
2026-01-04T22:00:00+0000,9,0.0,3.464458,-3.464458
2026-01-04T22:00:00+0000,10,0.0,3.440458,-3.440458
2026-01-04T23:00:00+0000,1,0.0,0.0,0.0
2026-01-04T23:00:00+0000,2,0.0,0.0,0.0
2026-01-04T23:00:00+0000,3,0.0,0.0,0.0
2026-01-04T23:00:00+0000,4,0.0,0.0,0.0
2026-01-04T23:00:00+0000,5,0.0,0.0,0.0
2026-01-04T23:00:00+0000,6,0.0,1.035784,-1.035784
2026-01-04T23:00:00+0000,7,0.0,0.793144,-0.793144
2026-01-04T23:00:00+0000,8,0.0,0.809157,-0.809157
2026-01-04T23:00:00+0000,9,0.0,1.217071,-1.217071
2026-01-04T23:00:00+0000,10,0.0,1.267669,-1.267669
2026-01-05T00:00:00+0000,1,0.0,0.0,0.0
2026-01-05T00:00:00+0000,2,0.0,0.0,0.0
2026-01-05T00:00:00+0000,3,0.0,0.0,0.0
2026-01-05T00:00:00+0000,4,0.0,0.0,0.0
2026-01-05T00:00:00+0000,5,0.0,0.0,0.0
2026-01-05T00:00:00+0000,6,0.0,0.923986,-0.923986
2026-01-05T00:00:00+0000,7,0.0,0.862447,-0.862447
2026-01-05T00:00:00+0000,8,0.0,1.0864,-1.0864
2026-01-05T00:00:00+0000,9,0.0,0.945241,-0.945241
2026-01-05T00:00:00+0000,10,0.0,0.715232,-0.715232
2026-01-05T01:00:00+0000,1,0.0,0.0,0.0
2026-01-05T01:00:00+0000,2,0.0,0.0,0.0
2026-01-05T01:00:00+0000,3,0.0,0.0,0.0
2026-01-05T01:00:00+0000,4,0.0,0.0,0.0
2026-01-05T01:00:00+0000,5,0.0,0.0,0.0
2026-01-05T01:00:00+0000,6,0.0,0.793692,-0.793692
2026-01-05T01:00:00+0000,7,0.0,1.129583,-1.129583
2026-01-05T01:00:00+0000,8,0.0,1.095354,-1.095354
2026-01-05T01:00:00+0000,9,0.0,0.716258,-0.716258
2026-01-05T01:00:00+0000,10,0.0,0.833183,-0.833183
2026-01-05T02:00:00+0000,1,0.0,0.0,0.0
2026-01-05T02:00:00+0000,2,0.0,0.0,0.0
2026-01-05T02:00:00+0000,3,0.0,0.0,0.0
2026-01-05T02:00:00+0000,4,0.0,0.0,0.0
2026-01-05T02:00:00+0000,5,0.0,0.0,0.0
2026-01-05T02:00:00+0000,6,0.0,0.838645,-0.838645
2026-01-05T02:00:00+0000,7,0.0,1.103136,-1.103136
2026-01-05T02:00:00+0000,8,0.0,0.711826,-0.711826
2026-01-05T02:00:00+0000,9,0.0,0.762465,-0.762465
2026-01-05T02:00:00+0000,10,0.0,1.17995,-1.17995
2026-01-05T03:00:00+0000,1,0.0,0.0,0.0
2026-01-05T03:00:00+0000,2,0.0,0.0,0.0
2026-01-05T03:00:00+0000,3,0.0,0.0,0.0
2026-01-05T03:00:00+0000,4,0.0,0.0,0.0
2026-01-05T03:00:00+0000,5,0.0,0.0,0.0
2026-01-05T03:00:00+0000,6,0.0,0.807127,-0.807127
2026-01-05T03:00:00+0000,7,0.0,1.091648,-1.091648
2026-01-05T03:00:00+0000,8,0.0,0.84291,-0.84291
2026-01-05T03:00:00+0000,9,0.0,0.759665,-0.759665
2026-01-05T03:00:00+0000,10,0.0,0.845903,-0.845903
2026-01-05T04:00:00+0000,1,0.0,0.0,0.0
2026-01-05T04:00:00+0000,2,0.0,0.0,0.0
2026-01-05T04:00:00+0000,3,0.0,0.0,0.0
2026-01-05T04:00:00+0000,4,0.0,0.0,0.0
2026-01-05T04:00:00+0000,5,0.0,0.0,0.0
2026-01-05T04:00:00+0000,6,0.0,1.13336,-1.13336
2026-01-05T04:00:00+0000,7,0.0,1.213418,-1.213418
2026-01-05T04:00:00+0000,8,0.0,1.198132,-1.198132
2026-01-05T04:00:00+0000,9,0.0,0.93831,-0.93831
2026-01-05T04:00:00+0000,10,0.0,1.100851,-1.100851
2026-01-05T05:00:00+0000,1,0.0,0.0,0.0
2026-01-05T05:00:00+0000,2,0.0,0.0,0.0
2026-01-05T05:00:00+0000,3,0.0,0.0,0.0
2026-01-05T05:00:00+0000,4,0.0,0.0,0.0
2026-01-05T05:00:00+0000,5,0.0,0.0,0.0
2026-01-05T05:00:00+0000,6,0.0,0.822991,-0.822991
2026-01-05T05:00:00+0000,7,0.0,0.875889,-0.875889
2026-01-05T05:00:00+0000,8,0.0,1.237801,-1.237801
2026-01-05T05:00:00+0000,9,0.0,0.707801,-0.707801
2026-01-05T05:00:00+0000,10,0.0,0.751305,-0.751305
2026-01-05T06:00:00+0000,1,0.393869,0.0,0.393869
2026-01-05T06:00:00+0000,2,0.07842,0.0,0.07842
2026-01-05T06:00:00+0000,3,0.513448,0.0,0.513448
2026-01-05T06:00:00+0000,4,0.291662,0.0,0.291662
2026-01-05T06:00:00+0000,5,0.224098,0.0,0.224098
2026-01-05T06:00:00+0000,6,0.0,0.855654,-0.855654
2026-01-05T06:00:00+0000,7,0.0,0.927815,-0.927815
2026-01-05T06:00:00+0000,8,0.0,1.054177,-1.054177
2026-01-05T06:00:00+0000,9,0.0,0.860838,-0.860838
2026-01-05T06:00:00+0000,10,0.0,1.074489,-1.074489
2026-01-05T07:00:00+0000,1,0.886478,0.0,0.886478
2026-01-05T07:00:00+0000,2,0.926015,0.0,0.926015
2026-01-05T07:00:00+0000,3,0.242701,0.0,0.242701
2026-01-05T07:00:00+0000,4,0.325983,0.0,0.325983
2026-01-05T07:00:00+0000,5,0.567692,0.0,0.567692
2026-01-05T07:00:00+0000,6,0.0,3.269072,-3.269072
2026-01-05T07:00:00+0000,7,0.0,3.158163,-3.158163
2026-01-05T07:00:00+0000,8,0.0,2.784068,-2.784068
2026-01-05T07:00:00+0000,9,0.0,3.221081,-3.221081
2026-01-05T07:00:00+0000,10,0.0,2.992459,-2.992459
2026-01-05T08:00:00+0000,1,1.269607,0.0,1.269607
2026-01-05T08:00:00+0000,2,1.276821,0.0,1.276821
2026-01-05T08:00:00+0000,3,1.174039,0.0,1.174039
2026-01-05T08:00:00+0000,4,1.235372,0.0,1.235372
2026-01-05T08:00:00+0000,5,1.308321,0.0,1.308321
2026-01-05T08:00:00+0000,6,0.0,3.080087,-3.080087
2026-01-05T08:00:00+0000,7,0.0,2.854733,-2.854733
2026-01-05T08:00:00+0000,8,0.0,2.783614,-2.783614
2026-01-05T08:00:00+0000,9,0.0,3.200958,-3.200958
2026-01-05T08:00:00+0000,10,0.0,3.290641,-3.290641
2026-01-05T09:00:00+0000,1,1.713528,0.0,1.713528
2026-01-05T09:00:00+0000,2,1.797872,0.0,1.797872
2026-01-05T09:00:00+0000,3,2.075725,0.0,2.075725
2026-01-05T09:00:00+0000,4,1.729643,0.0,1.729643
2026-01-05T09:00:00+0000,5,2.165934,0.0,2.165934
2026-01-05T09:00:00+0000,6,0.0,3.032507,-3.032507
2026-01-05T09:00:00+0000,7,0.0,3.090852,-3.090852
2026-01-05T09:00:00+0000,8,0.0,3.197845,-3.197845
2026-01-05T09:00:00+0000,9,0.0,2.823853,-2.823853
2026-01-05T09:00:00+0000,10,0.0,2.706597,-2.706597
2026-01-05T10:00:00+0000,1,3.083859,0.0,3.083859
2026-01-05T10:00:00+0000,2,3.229191,0.0,3.229191
2026-01-05T10:00:00+0000,3,3.365748,0.0,3.365748
2026-01-05T10:00:00+0000,4,3.235527,0.0,3.235527
2026-01-05T10:00:00+0000,5,2.664478,0.0,2.664478
2026-01-05T10:00:00+0000,6,0.0,1.011351,-1.011351
2026-01-05T10:00:00+0000,7,0.0,0.72818,-0.72818
2026-01-05T10:00:00+0000,8,0.0,0.79977,-0.79977
2026-01-05T10:00:00+0000,9,0.0,1.14282,-1.14282
2026-01-05T10:00:00+0000,10,0.0,0.749679,-0.749679
2026-01-05T11:00:00+0000,1,3.747772,0.0,3.747772
2026-01-05T11:00:00+0000,2,3.716814,0.0,3.716814
2026-01-05T11:00:00+0000,3,4.119891,0.0,4.119891
2026-01-05T11:00:00+0000,4,3.698884,0.0,3.698884
2026-01-05T11:00:00+0000,5,3.843999,0.0,3.843999
2026-01-05T11:00:00+0000,6,0.0,0.913404,-0.913404
2026-01-05T11:00:00+0000,7,0.0,1.131428,-1.131428
2026-01-05T11:00:00+0000,8,0.0,0.878273,-0.878273
2026-01-05T11:00:00+0000,9,0.0,1.039843,-1.039843
2026-01-05T11:00:00+0000,10,0.0,0.98563,-0.98563
2026-01-05T12:00:00+0000,1,4.828461,0.0,4.828461
2026-01-05T12:00:00+0000,2,4.766765,0.0,4.766765
2026-01-05T12:00:00+0000,3,4.558126,0.0,4.558126
2026-01-05T12:00:00+0000,4,4.869859,0.0,4.869859
2026-01-05T12:00:00+0000,5,4.61467,0.0,4.61467
2026-01-05T12:00:00+0000,6,0.0,0.99782,-0.99782
2026-01-05T12:00:00+0000,7,0.0,1.058106,-1.058106
2026-01-05T12:00:00+0000,8,0.0,0.900546,-0.900546
2026-01-05T12:00:00+0000,9,0.0,1.162547,-1.162547
2026-01-05T12:00:00+0000,10,0.0,0.763959,-0.763959
2026-01-05T13:00:00+0000,1,5.024402,0.0,5.024402
2026-01-05T13:00:00+0000,2,5.035969,0.0,5.035969
2026-01-05T13:00:00+0000,3,4.93303,0.0,4.93303
2026-01-05T13:00:00+0000,4,5.395005,0.0,5.395005
2026-01-05T13:00:00+0000,5,4.990547,0.0,4.990547
2026-01-05T13:00:00+0000,6,0.0,0.960896,-0.960896
2026-01-05T13:00:00+0000,7,0.0,0.847841,-0.847841
2026-01-05T13:00:00+0000,8,0.0,1.191461,-1.191461
2026-01-05T13:00:00+0000,9,0.0,1.17965,-1.17965
2026-01-05T13:00:00+0000,10,0.0,1.116818,-1.116818
2026-01-05T14:00:00+0000,1,4.854159,0.0,4.854159
2026-01-05T14:00:00+0000,2,4.415752,0.0,4.415752
2026-01-05T14:00:00+0000,3,4.58437,0.0,4.58437
2026-01-05T14:00:00+0000,4,4.680294,0.0,4.680294
2026-01-05T14:00:00+0000,5,4.714911,0.0,4.714911
2026-01-05T14:00:00+0000,6,0.0,0.81108,-0.81108
2026-01-05T14:00:00+0000,7,0.0,1.025141,-1.025141
2026-01-05T14:00:00+0000,8,0.0,1.223768,-1.223768
2026-01-05T14:00:00+0000,9,0.0,1.139335,-1.139335
2026-01-05T14:00:00+0000,10,0.0,1.183937,-1.183937
2026-01-05T15:00:00+0000,1,4.127821,0.0,4.127821
2026-01-05T15:00:00+0000,2,4.260941,0.0,4.260941
2026-01-05T15:00:00+0000,3,4.216129,0.0,4.216129
2026-01-05T15:00:00+0000,4,3.912938,0.0,3.912938
2026-01-05T15:00:00+0000,5,4.130275,0.0,4.130275
2026-01-05T15:00:00+0000,6,0.0,0.993655,-0.993655
2026-01-05T15:00:00+0000,7,0.0,0.832726,-0.832726
2026-01-05T15:00:00+0000,8,0.0,1.292601,-1.292601
2026-01-05T15:00:00+0000,9,0.0,1.266436,-1.266436
2026-01-05T15:00:00+0000,10,0.0,0.723656,-0.723656
2026-01-05T16:00:00+0000,1,3.118577,0.0,3.118577
2026-01-05T16:00:00+0000,2,3.074191,0.0,3.074191
2026-01-05T16:00:00+0000,3,3.086969,0.0,3.086969
2026-01-05T16:00:00+0000,4,2.777304,0.0,2.777304
2026-01-05T16:00:00+0000,5,2.816442,0.0,2.816442
2026-01-05T16:00:00+0000,6,0.0,1.254638,-1.254638
2026-01-05T16:00:00+0000,7,0.0,1.282635,-1.282635
2026-01-05T16:00:00+0000,8,0.0,1.26656,-1.26656
2026-01-05T16:00:00+0000,9,0.0,0.984529,-0.984529
2026-01-05T16:00:00+0000,10,0.0,1.217226,-1.217226
2026-01-05T17:00:00+0000,1,2.266192,0.0,2.266192
2026-01-05T17:00:00+0000,2,1.962471,0.0,1.962471
2026-01-05T17:00:00+0000,3,2.232865,0.0,2.232865
2026-01-05T17:00:00+0000,4,1.774529,0.0,1.774529
2026-01-05T17:00:00+0000,5,2.155768,0.0,2.155768
2026-01-05T17:00:00+0000,6,0.0,0.77234,-0.77234
2026-01-05T17:00:00+0000,7,0.0,0.746172,-0.746172
2026-01-05T17:00:00+0000,8,0.0,1.117773,-1.117773
2026-01-05T17:00:00+0000,9,0.0,0.903925,-0.903925
2026-01-05T17:00:00+0000,10,0.0,1.13486,-1.13486
2026-01-05T18:00:00+0000,1,1.209387,0.0,1.209387
2026-01-05T18:00:00+0000,2,1.158815,0.0,1.158815
2026-01-05T18:00:00+0000,3,1.536157,0.0,1.536157
2026-01-05T18:00:00+0000,4,1.286072,0.0,1.286072
2026-01-05T18:00:00+0000,5,1.45313,0.0,1.45313
2026-01-05T18:00:00+0000,6,0.0,3.731587,-3.731587
2026-01-05T18:00:00+0000,7,0.0,3.569518,-3.569518
2026-01-05T18:00:00+0000,8,0.0,3.339776,-3.339776
2026-01-05T18:00:00+0000,9,0.0,3.21464,-3.21464
2026-01-05T18:00:00+0000,10,0.0,3.722059,-3.722059
2026-01-05T19:00:00+0000,1,0.379564,0.0,0.379564
2026-01-05T19:00:00+0000,2,0.819356,0.0,0.819356
2026-01-05T19:00:00+0000,3,0.68608,0.0,0.68608
2026-01-05T19:00:00+0000,4,0.921311,0.0,0.921311
2026-01-05T19:00:00+0000,5,0.53999,0.0,0.53999
2026-01-05T19:00:00+0000,6,0.0,3.441159,-3.441159
2026-01-05T19:00:00+0000,7,0.0,3.487925,-3.487925
2026-01-05T19:00:00+0000,8,0.0,3.576503,-3.576503
2026-01-05T19:00:00+0000,9,0.0,3.724206,-3.724206
2026-01-05T19:00:00+0000,10,0.0,3.79045,-3.79045
2026-01-05T20:00:00+0000,1,0.239542,0.0,0.239542
2026-01-05T20:00:00+0000,2,0.61932,0.0,0.61932
2026-01-05T20:00:00+0000,3,0.644557,0.0,0.644557
2026-01-05T20:00:00+0000,4,0.224071,0.0,0.224071
2026-01-05T20:00:00+0000,5,0.244605,0.0,0.244605
2026-01-05T20:00:00+0000,6,0.0,3.412773,-3.412773
2026-01-05T20:00:00+0000,7,0.0,3.372343,-3.372343
2026-01-05T20:00:00+0000,8,0.0,3.377785,-3.377785
2026-01-05T20:00:00+0000,9,0.0,3.340165,-3.340165
2026-01-05T20:00:00+0000,10,0.0,3.225256,-3.225256
2026-01-05T21:00:00+0000,1,0.0,0.0,0.0
2026-01-05T21:00:00+0000,2,0.0,0.0,0.0
2026-01-05T21:00:00+0000,3,0.0,0.0,0.0
2026-01-05T21:00:00+0000,4,0.0,0.0,0.0
2026-01-05T21:00:00+0000,5,0.0,0.0,0.0
2026-01-05T21:00:00+0000,6,0.0,3.210724,-3.210724
2026-01-05T21:00:00+0000,7,0.0,3.792633,-3.792633
2026-01-05T21:00:00+0000,8,0.0,3.456664,-3.456664
2026-01-05T21:00:00+0000,9,0.0,3.430596,-3.430596
2026-01-05T21:00:00+0000,10,0.0,3.607788,-3.607788
2026-01-05T22:00:00+0000,1,0.0,0.0,0.0
2026-01-05T22:00:00+0000,2,0.0,0.0,0.0
2026-01-05T22:00:00+0000,3,0.0,0.0,0.0
2026-01-05T22:00:00+0000,4,0.0,0.0,0.0
2026-01-05T22:00:00+0000,5,0.0,0.0,0.0
2026-01-05T22:00:00+0000,6,0.0,3.330952,-3.330952
2026-01-05T22:00:00+0000,7,0.0,3.769977,-3.769977
2026-01-05T22:00:00+0000,8,0.0,3.671807,-3.671807
2026-01-05T22:00:00+0000,9,0.0,3.253647,-3.253647
2026-01-05T22:00:00+0000,10,0.0,3.450548,-3.450548
2026-01-05T23:00:00+0000,1,0.0,0.0,0.0
2026-01-05T23:00:00+0000,2,0.0,0.0,0.0
2026-01-05T23:00:00+0000,3,0.0,0.0,0.0
2026-01-05T23:00:00+0000,4,0.0,0.0,0.0
2026-01-05T23:00:00+0000,5,0.0,0.0,0.0
2026-01-05T23:00:00+0000,6,0.0,1.227471,-1.227471
2026-01-05T23:00:00+0000,7,0.0,1.266839,-1.266839
2026-01-05T23:00:00+0000,8,0.0,0.980441,-0.980441
2026-01-05T23:00:00+0000,9,0.0,1.068047,-1.068047
2026-01-05T23:00:00+0000,10,0.0,0.80022,-0.80022
2026-01-06T00:00:00+0000,1,0.0,0.0,0.0
2026-01-06T00:00:00+0000,2,0.0,0.0,0.0
2026-01-06T00:00:00+0000,3,0.0,0.0,0.0
2026-01-06T00:00:00+0000,4,0.0,0.0,0.0
2026-01-06T00:00:00+0000,5,0.0,0.0,0.0
2026-01-06T00:00:00+0000,6,0.0,1.294701,-1.294701
2026-01-06T00:00:00+0000,7,0.0,0.839003,-0.839003
2026-01-06T00:00:00+0000,8,0.0,1.265639,-1.265639
2026-01-06T00:00:00+0000,9,0.0,1.089788,-1.089788
2026-01-06T00:00:00+0000,10,0.0,1.064642,-1.064642
2026-01-06T01:00:00+0000,1,0.0,0.0,0.0
2026-01-06T01:00:00+0000,2,0.0,0.0,0.0
2026-01-06T01:00:00+0000,3,0.0,0.0,0.0
2026-01-06T01:00:00+0000,4,0.0,0.0,0.0
2026-01-06T01:00:00+0000,5,0.0,0.0,0.0
2026-01-06T01:00:00+0000,6,0.0,1.007613,-1.007613
2026-01-06T01:00:00+0000,7,0.0,0.838402,-0.838402
2026-01-06T01:00:00+0000,8,0.0,0.805917,-0.805917
2026-01-06T01:00:00+0000,9,0.0,0.832292,-0.832292
2026-01-06T01:00:00+0000,10,0.0,0.811863,-0.811863
2026-01-06T02:00:00+0000,1,0.0,0.0,0.0
2026-01-06T02:00:00+0000,2,0.0,0.0,0.0
2026-01-06T02:00:00+0000,3,0.0,0.0,0.0
2026-01-06T02:00:00+0000,4,0.0,0.0,0.0
2026-01-06T02:00:00+0000,5,0.0,0.0,0.0
2026-01-06T02:00:00+0000,6,0.0,1.167751,-1.167751
2026-01-06T02:00:00+0000,7,0.0,0.910075,-0.910075
2026-01-06T02:00:00+0000,8,0.0,0.734706,-0.734706
2026-01-06T02:00:00+0000,9,0.0,1.281462,-1.281462
2026-01-06T02:00:00+0000,10,0.0,1.230272,-1.230272
2026-01-06T03:00:00+0000,1,0.0,0.0,0.0
2026-01-06T03:00:00+0000,2,0.0,0.0,0.0
2026-01-06T03:00:00+0000,3,0.0,0.0,0.0
2026-01-06T03:00:00+0000,4,0.0,0.0,0.0
2026-01-06T03:00:00+0000,5,0.0,0.0,0.0
2026-01-06T03:00:00+0000,6,0.0,1.256651,-1.256651
2026-01-06T03:00:00+0000,7,0.0,1.296945,-1.296945
2026-01-06T03:00:00+0000,8,0.0,0.804337,-0.804337
2026-01-06T03:00:00+0000,9,0.0,0.937745,-0.937745
2026-01-06T03:00:00+0000,10,0.0,1.154943,-1.154943
2026-01-06T04:00:00+0000,1,0.0,0.0,0.0
2026-01-06T04:00:00+0000,2,0.0,0.0,0.0
2026-01-06T04:00:00+0000,3,0.0,0.0,0.0
2026-01-06T04:00:00+0000,4,0.0,0.0,0.0
2026-01-06T04:00:00+0000,5,0.0,0.0,0.0
2026-01-06T04:00:00+0000,6,0.0,1.117612,-1.117612
2026-01-06T04:00:00+0000,7,0.0,0.792338,-0.792338
2026-01-06T04:00:00+0000,8,0.0,1.1895,-1.1895
2026-01-06T04:00:00+0000,9,0.0,0.834664,-0.834664
2026-01-06T04:00:00+0000,10,0.0,0.834291,-0.834291
2026-01-06T05:00:00+0000,1,0.0,0.0,0.0
2026-01-06T05:00:00+0000,2,0.0,0.0,0.0
2026-01-06T05:00:00+0000,3,0.0,0.0,0.0
2026-01-06T05:00:00+0000,4,0.0,0.0,0.0
2026-01-06T05:00:00+0000,5,0.0,0.0,0.0
2026-01-06T05:00:00+0000,6,0.0,1.022185,-1.022185
2026-01-06T05:00:00+0000,7,0.0,1.055764,-1.055764
2026-01-06T05:00:00+0000,8,0.0,1.048052,-1.048052
2026-01-06T05:00:00+0000,9,0.0,0.754892,-0.754892
2026-01-06T05:00:00+0000,10,0.0,1.226477,-1.226477
2026-01-06T06:00:00+0000,1,0.272286,0.0,0.272286
2026-01-06T06:00:00+0000,2,0.206085,0.0,0.206085
2026-01-06T06:00:00+0000,3,0.251102,0.0,0.251102
2026-01-06T06:00:00+0000,4,0.385816,0.0,0.385816
2026-01-06T06:00:00+0000,5,0.395534,0.0,0.395534
2026-01-06T06:00:00+0000,6,0.0,1.093145,-1.093145
2026-01-06T06:00:00+0000,7,0.0,1.030514,-1.030514
2026-01-06T06:00:00+0000,8,0.0,0.752192,-0.752192
2026-01-06T06:00:00+0000,9,0.0,0.945072,-0.945072
2026-01-06T06:00:00+0000,10,0.0,0.923613,-0.923613
2026-01-06T07:00:00+0000,1,0.853497,0.0,0.853497
2026-01-06T07:00:00+0000,2,0.48654,0.0,0.48654
2026-01-06T07:00:00+0000,3,0.508495,0.0,0.508495
2026-01-06T07:00:00+0000,4,0.675021,0.0,0.675021
2026-01-06T07:00:00+0000,5,0.815629,0.0,0.815629
2026-01-06T07:00:00+0000,6,0.0,2.745679,-2.745679
2026-01-06T07:00:00+0000,7,0.0,3.210724,-3.210724
2026-01-06T07:00:00+0000,8,0.0,2.997088,-2.997088
2026-01-06T07:00:00+0000,9,0.0,2.988352,-2.988352
2026-01-06T07:00:00+0000,10,0.0,3.055445,-3.055445
2026-01-06T08:00:00+0000,1,1.034596,0.0,1.034596
2026-01-06T08:00:00+0000,2,1.148873,0.0,1.148873
2026-01-06T08:00:00+0000,3,1.455593,0.0,1.455593
2026-01-06T08:00:00+0000,4,1.383139,0.0,1.383139
2026-01-06T08:00:00+0000,5,1.616103,0.0,1.616103
2026-01-06T08:00:00+0000,6,0.0,2.860217,-2.860217
2026-01-06T08:00:00+0000,7,0.0,3.227178,-3.227178
2026-01-06T08:00:00+0000,8,0.0,3.178456,-3.178456
2026-01-06T08:00:00+0000,9,0.0,3.095071,-3.095071
2026-01-06T08:00:00+0000,10,0.0,3.210349,-3.210349
2026-01-06T09:00:00+0000,1,2.136685,0.0,2.136685
2026-01-06T09:00:00+0000,2,2.198563,0.0,2.198563
2026-01-06T09:00:00+0000,3,2.156045,0.0,2.156045
2026-01-06T09:00:00+0000,4,2.227051,0.0,2.227051
2026-01-06T09:00:00+0000,5,2.257266,0.0,2.257266
2026-01-06T09:00:00+0000,6,0.0,3.15163,-3.15163
2026-01-06T09:00:00+0000,7,0.0,2.795163,-2.795163
2026-01-06T09:00:00+0000,8,0.0,3.228522,-3.228522
2026-01-06T09:00:00+0000,9,0.0,3.223106,-3.223106
2026-01-06T09:00:00+0000,10,0.0,2.717548,-2.717548
2026-01-06T10:00:00+0000,1,3.338991,0.0,3.338991
2026-01-06T10:00:00+0000,2,2.99923,0.0,2.99923
2026-01-06T10:00:00+0000,3,3.061996,0.0,3.061996
2026-01-06T10:00:00+0000,4,3.273955,0.0,3.273955
2026-01-06T10:00:00+0000,5,2.869266,0.0,2.869266
2026-01-06T10:00:00+0000,6,0.0,0.796456,-0.796456
2026-01-06T10:00:00+0000,7,0.0,1.19078,-1.19078
2026-01-06T10:00:00+0000,8,0.0,1.199281,-1.199281
2026-01-06T10:00:00+0000,9,0.0,1.004481,-1.004481
2026-01-06T10:00:00+0000,10,0.0,0.703832,-0.703832
2026-01-06T11:00:00+0000,1,4.167238,0.0,4.167238
2026-01-06T11:00:00+0000,2,3.705808,0.0,3.705808
2026-01-06T11:00:00+0000,3,4.008615,0.0,4.008615
2026-01-06T11:00:00+0000,4,4.021678,0.0,4.021678
2026-01-06T11:00:00+0000,5,4.154348,0.0,4.154348
2026-01-06T11:00:00+0000,6,0.0,1.023991,-1.023991
2026-01-06T11:00:00+0000,7,0.0,1.167907,-1.167907
2026-01-06T11:00:00+0000,8,0.0,0.764188,-0.764188
2026-01-06T11:00:00+0000,9,0.0,1.156617,-1.156617
2026-01-06T11:00:00+0000,10,0.0,1.02476,-1.02476
2026-01-06T12:00:00+0000,1,4.459748,0.0,4.459748
2026-01-06T12:00:00+0000,2,4.710738,0.0,4.710738
2026-01-06T12:00:00+0000,3,4.785602,0.0,4.785602
2026-01-06T12:00:00+0000,4,4.851377,0.0,4.851377
2026-01-06T12:00:00+0000,5,4.767119,0.0,4.767119
2026-01-06T12:00:00+0000,6,0.0,0.761506,-0.761506
2026-01-06T12:00:00+0000,7,0.0,1.262337,-1.262337
2026-01-06T12:00:00+0000,8,0.0,1.112731,-1.112731
2026-01-06T12:00:00+0000,9,0.0,0.740702,-0.740702
2026-01-06T12:00:00+0000,10,0.0,0.880578,-0.880578
2026-01-06T13:00:00+0000,1,4.927409,0.0,4.927409
2026-01-06T13:00:00+0000,2,5.034928,0.0,5.034928
2026-01-06T13:00:00+0000,3,4.638008,0.0,4.638008
2026-01-06T13:00:00+0000,4,5.193003,0.0,5.193003
2026-01-06T13:00:00+0000,5,4.903974,0.0,4.903974
2026-01-06T13:00:00+0000,6,0.0,1.222922,-1.222922
2026-01-06T13:00:00+0000,7,0.0,1.284093,-1.284093
2026-01-06T13:00:00+0000,8,0.0,1.281327,-1.281327
2026-01-06T13:00:00+0000,9,0.0,1.149791,-1.149791
2026-01-06T13:00:00+0000,10,0.0,0.778052,-0.778052
2026-01-06T14:00:00+0000,1,4.755358,0.0,4.755358
2026-01-06T14:00:00+0000,2,5.042902,0.0,5.042902
2026-01-06T14:00:00+0000,3,4.716647,0.0,4.716647
2026-01-06T14:00:00+0000,4,4.618757,0.0,4.618757
2026-01-06T14:00:00+0000,5,5.106029,0.0,5.106029
2026-01-06T14:00:00+0000,6,0.0,0.864176,-0.864176
2026-01-06T14:00:00+0000,7,0.0,1.298275,-1.298275
2026-01-06T14:00:00+0000,8,0.0,0.955709,-0.955709
2026-01-06T14:00:00+0000,9,0.0,0.970832,-0.970832
2026-01-06T14:00:00+0000,10,0.0,0.798174,-0.798174
2026-01-06T15:00:00+0000,1,4.133414,0.0,4.133414
2026-01-06T15:00:00+0000,2,4.201149,0.0,4.201149
2026-01-06T15:00:00+0000,3,4.228058,0.0,4.228058
2026-01-06T15:00:00+0000,4,4.265796,0.0,4.265796
2026-01-06T15:00:00+0000,5,3.959204,0.0,3.959204
2026-01-06T15:00:00+0000,6,0.0,1.26617,-1.26617
2026-01-06T15:00:00+0000,7,0.0,0.951836,-0.951836
2026-01-06T15:00:00+0000,8,0.0,1.083116,-1.083116
2026-01-06T15:00:00+0000,9,0.0,0.938557,-0.938557
2026-01-06T15:00:00+0000,10,0.0,0.864529,-0.864529
2026-01-06T16:00:00+0000,1,2.803262,0.0,2.803262
2026-01-06T16:00:00+0000,2,3.023536,0.0,3.023536
2026-01-06T16:00:00+0000,3,3.081321,0.0,3.081321
2026-01-06T16:00:00+0000,4,2.984406,0.0,2.984406
2026-01-06T16:00:00+0000,5,3.103064,0.0,3.103064
2026-01-06T16:00:00+0000,6,0.0,0.827863,-0.827863
2026-01-06T16:00:00+0000,7,0.0,0.71868,-0.71868
2026-01-06T16:00:00+0000,8,0.0,1.091,-1.091
2026-01-06T16:00:00+0000,9,0.0,0.921116,-0.921116
2026-01-06T16:00:00+0000,10,0.0,1.218615,-1.218615
2026-01-06T17:00:00+0000,1,2.156662,0.0,2.156662
2026-01-06T17:00:00+0000,2,2.049776,0.0,2.049776
2026-01-06T17:00:00+0000,3,2.109495,0.0,2.109495
2026-01-06T17:00:00+0000,4,2.00955,0.0,2.00955
2026-01-06T17:00:00+0000,5,2.197105,0.0,2.197105
2026-01-06T17:00:00+0000,6,0.0,1.20687,-1.20687
2026-01-06T17:00:00+0000,7,0.0,1.156614,-1.156614
2026-01-06T17:00:00+0000,8,0.0,1.075732,-1.075732
2026-01-06T17:00:00+0000,9,0.0,0.778747,-0.778747
2026-01-06T17:00:00+0000,10,0.0,0.719516,-0.719516
2026-01-06T18:00:00+0000,1,1.391269,0.0,1.391269
2026-01-06T18:00:00+0000,2,1.286065,0.0,1.286065
2026-01-06T18:00:00+0000,3,1.388562,0.0,1.388562
2026-01-06T18:00:00+0000,4,1.228814,0.0,1.228814
2026-01-06T18:00:00+0000,5,1.534784,0.0,1.534784
2026-01-06T18:00:00+0000,6,0.0,3.270385,-3.270385
2026-01-06T18:00:00+0000,7,0.0,3.275111,-3.275111
2026-01-06T18:00:00+0000,8,0.0,3.611339,-3.611339
2026-01-06T18:00:00+0000,9,0.0,3.458184,-3.458184
2026-01-06T18:00:00+0000,10,0.0,3.320315,-3.320315
2026-01-06T19:00:00+0000,1,0.52851,0.0,0.52851
2026-01-06T19:00:00+0000,2,0.673819,0.0,0.673819
2026-01-06T19:00:00+0000,3,0.358395,0.0,0.358395
2026-01-06T19:00:00+0000,4,0.789617,0.0,0.789617
2026-01-06T19:00:00+0000,5,0.549755,0.0,0.549755
2026-01-06T19:00:00+0000,6,0.0,3.473132,-3.473132
2026-01-06T19:00:00+0000,7,0.0,3.206972,-3.206972
2026-01-06T19:00:00+0000,8,0.0,3.243468,-3.243468
2026-01-06T19:00:00+0000,9,0.0,3.435496,-3.435496
2026-01-06T19:00:00+0000,10,0.0,3.487963,-3.487963
2026-01-06T20:00:00+0000,1,0.527793,0.0,0.527793
2026-01-06T20:00:00+0000,2,0.011862,0.0,0.011862
2026-01-06T20:00:00+0000,3,0.480726,0.0,0.480726
2026-01-06T20:00:00+0000,4,0.485803,0.0,0.485803
2026-01-06T20:00:00+0000,5,0.413734,0.0,0.413734
2026-01-06T20:00:00+0000,6,0.0,3.667911,-3.667911
2026-01-06T20:00:00+0000,7,0.0,3.223771,-3.223771
2026-01-06T20:00:00+0000,8,0.0,3.488304,-3.488304
2026-01-06T20:00:00+0000,9,0.0,3.262958,-3.262958
2026-01-06T20:00:00+0000,10,0.0,3.345227,-3.345227
2026-01-06T21:00:00+0000,1,0.0,0.0,0.0
2026-01-06T21:00:00+0000,2,0.0,0.0,0.0
2026-01-06T21:00:00+0000,3,0.0,0.0,0.0
2026-01-06T21:00:00+0000,4,0.0,0.0,0.0
2026-01-06T21:00:00+0000,5,0.0,0.0,0.0
2026-01-06T21:00:00+0000,6,0.0,3.791998,-3.791998
2026-01-06T21:00:00+0000,7,0.0,3.285497,-3.285497
2026-01-06T21:00:00+0000,8,0.0,3.499333,-3.499333
2026-01-06T21:00:00+0000,9,0.0,3.570893,-3.570893
2026-01-06T21:00:00+0000,10,0.0,3.621479,-3.621479
2026-01-06T22:00:00+0000,1,0.0,0.0,0.0
2026-01-06T22:00:00+0000,2,0.0,0.0,0.0
2026-01-06T22:00:00+0000,3,0.0,0.0,0.0
2026-01-06T22:00:00+0000,4,0.0,0.0,0.0
2026-01-06T22:00:00+0000,5,0.0,0.0,0.0
2026-01-06T22:00:00+0000,6,0.0,3.535789,-3.535789
2026-01-06T22:00:00+0000,7,0.0,3.205863,-3.205863
2026-01-06T22:00:00+0000,8,0.0,3.395877,-3.395877
2026-01-06T22:00:00+0000,9,0.0,3.510627,-3.510627
2026-01-06T22:00:00+0000,10,0.0,3.25272,-3.25272
2026-01-06T23:00:00+0000,1,0.0,0.0,0.0
2026-01-06T23:00:00+0000,2,0.0,0.0,0.0
2026-01-06T23:00:00+0000,3,0.0,0.0,0.0
2026-01-06T23:00:00+0000,4,0.0,0.0,0.0
2026-01-06T23:00:00+0000,5,0.0,0.0,0.0
2026-01-06T23:00:00+0000,6,0.0,0.910376,-0.910376
2026-01-06T23:00:00+0000,7,0.0,0.719922,-0.719922
2026-01-06T23:00:00+0000,8,0.0,0.747147,-0.747147
2026-01-06T23:00:00+0000,9,0.0,0.938154,-0.938154
2026-01-06T23:00:00+0000,10,0.0,0.779629,-0.779629
2026-01-07T00:00:00+0000,1,0.0,0.0,0.0
2026-01-07T00:00:00+0000,2,0.0,0.0,0.0
2026-01-07T00:00:00+0000,3,0.0,0.0,0.0
2026-01-07T00:00:00+0000,4,0.0,0.0,0.0
2026-01-07T00:00:00+0000,5,0.0,0.0,0.0
2026-01-07T00:00:00+0000,6,0.0,1.040525,-1.040525
2026-01-07T00:00:00+0000,7,0.0,1.113679,-1.113679
2026-01-07T00:00:00+0000,8,0.0,1.180352,-1.180352
2026-01-07T00:00:00+0000,9,0.0,0.82009,-0.82009
2026-01-07T00:00:00+0000,10,0.0,0.80049,-0.80049
2026-01-07T01:00:00+0000,1,0.0,0.0,0.0
2026-01-07T01:00:00+0000,2,0.0,0.0,0.0
2026-01-07T01:00:00+0000,3,0.0,0.0,0.0
2026-01-07T01:00:00+0000,4,0.0,0.0,0.0
2026-01-07T01:00:00+0000,5,0.0,0.0,0.0
2026-01-07T01:00:00+0000,6,0.0,0.762741,-0.762741
2026-01-07T01:00:00+0000,7,0.0,1.081858,-1.081858
2026-01-07T01:00:00+0000,8,0.0,1.123885,-1.123885
2026-01-07T01:00:00+0000,9,0.0,0.718952,-0.718952
2026-01-07T01:00:00+0000,10,0.0,1.261727,-1.261727
2026-01-07T02:00:00+0000,1,0.0,0.0,0.0
2026-01-07T02:00:00+0000,2,0.0,0.0,0.0
2026-01-07T02:00:00+0000,3,0.0,0.0,0.0
2026-01-07T02:00:00+0000,4,0.0,0.0,0.0
2026-01-07T02:00:00+0000,5,0.0,0.0,0.0
2026-01-07T02:00:00+0000,6,0.0,0.731183,-0.731183
2026-01-07T02:00:00+0000,7,0.0,1.024778,-1.024778
2026-01-07T02:00:00+0000,8,0.0,1.125436,-1.125436
2026-01-07T02:00:00+0000,9,0.0,1.222581,-1.222581
2026-01-07T02:00:00+0000,10,0.0,1.128452,-1.128452
2026-01-07T03:00:00+0000,1,0.0,0.0,0.0
2026-01-07T03:00:00+0000,2,0.0,0.0,0.0
2026-01-07T03:00:00+0000,3,0.0,0.0,0.0
2026-01-07T03:00:00+0000,4,0.0,0.0,0.0
2026-01-07T03:00:00+0000,5,0.0,0.0,0.0
2026-01-07T03:00:00+0000,6,0.0,1.181037,-1.181037
2026-01-07T03:00:00+0000,7,0.0,0.90367,-0.90367
2026-01-07T03:00:00+0000,8,0.0,1.188895,-1.188895
2026-01-07T03:00:00+0000,9,0.0,0.748069,-0.748069
2026-01-07T03:00:00+0000,10,0.0,1.23689,-1.23689
2026-01-07T04:00:00+0000,1,0.0,0.0,0.0
2026-01-07T04:00:00+0000,2,0.0,0.0,0.0
2026-01-07T04:00:00+0000,3,0.0,0.0,0.0
2026-01-07T04:00:00+0000,4,0.0,0.0,0.0
2026-01-07T04:00:00+0000,5,0.0,0.0,0.0
2026-01-07T04:00:00+0000,6,0.0,1.028555,-1.028555
2026-01-07T04:00:00+0000,7,0.0,1.190379,-1.190379
2026-01-07T04:00:00+0000,8,0.0,0.971391,-0.971391
2026-01-07T04:00:00+0000,9,0.0,1.086147,-1.086147
2026-01-07T04:00:00+0000,10,0.0,1.015842,-1.015842
2026-01-07T05:00:00+0000,1,0.0,0.0,0.0
2026-01-07T05:00:00+0000,2,0.0,0.0,0.0
2026-01-07T05:00:00+0000,3,0.0,0.0,0.0
2026-01-07T05:00:00+0000,4,0.0,0.0,0.0
2026-01-07T05:00:00+0000,5,0.0,0.0,0.0
2026-01-07T05:00:00+0000,6,0.0,1.138954,-1.138954
2026-01-07T05:00:00+0000,7,0.0,0.748978,-0.748978
2026-01-07T05:00:00+0000,8,0.0,0.736211,-0.736211
2026-01-07T05:00:00+0000,9,0.0,0.848262,-0.848262
2026-01-07T05:00:00+0000,10,0.0,0.795727,-0.795727
2026-01-07T06:00:00+0000,1,0.264573,0.0,0.264573
2026-01-07T06:00:00+0000,2,0.413476,0.0,0.413476
2026-01-07T06:00:00+0000,3,0.43321,0.0,0.43321
2026-01-07T06:00:00+0000,4,0.213903,0.0,0.213903
2026-01-07T06:00:00+0000,5,0.323772,0.0,0.323772
2026-01-07T06:00:00+0000,6,0.0,1.033218,-1.033218
2026-01-07T06:00:00+0000,7,0.0,1.131521,-1.131521
2026-01-07T06:00:00+0000,8,0.0,0.837073,-0.837073
2026-01-07T06:00:00+0000,9,0.0,1.2978,-1.2978
2026-01-07T06:00:00+0000,10,0.0,1.284876,-1.284876
2026-01-07T07:00:00+0000,1,1.10513,0.0,1.10513
2026-01-07T07:00:00+0000,2,0.451111,0.0,0.451111
2026-01-07T07:00:00+0000,3,0.789532,0.0,0.789532
2026-01-07T07:00:00+0000,4,0.576225,0.0,0.576225
2026-01-07T07:00:00+0000,5,0.718995,0.0,0.718995
2026-01-07T07:00:00+0000,6,0.0,2.718392,-2.718392
2026-01-07T07:00:00+0000,7,0.0,2.85461,-2.85461
2026-01-07T07:00:00+0000,8,0.0,2.977574,-2.977574
2026-01-07T07:00:00+0000,9,0.0,3.220964,-3.220964
2026-01-07T07:00:00+0000,10,0.0,3.136301,-3.136301
2026-01-07T08:00:00+0000,1,1.150124,0.0,1.150124
2026-01-07T08:00:00+0000,2,1.561558,0.0,1.561558
2026-01-07T08:00:00+0000,3,1.001608,0.0,1.001608
2026-01-07T08:00:00+0000,4,0.953886,0.0,0.953886
2026-01-07T08:00:00+0000,5,1.291651,0.0,1.291651
2026-01-07T08:00:00+0000,6,0.0,2.963169,-2.963169
2026-01-07T08:00:00+0000,7,0.0,3.135155,-3.135155
2026-01-07T08:00:00+0000,8,0.0,2.992001,-2.992001
2026-01-07T08:00:00+0000,9,0.0,3.224054,-3.224054
2026-01-07T08:00:00+0000,10,0.0,3.240421,-3.240421
2026-01-07T09:00:00+0000,1,2.264981,0.0,2.264981
2026-01-07T09:00:00+0000,2,1.728971,0.0,1.728971
2026-01-07T09:00:00+0000,3,1.941008,0.0,1.941008
2026-01-07T09:00:00+0000,4,2.215661,0.0,2.215661
2026-01-07T09:00:00+0000,5,2.091416,0.0,2.091416
2026-01-07T09:00:00+0000,6,0.0,2.826397,-2.826397
2026-01-07T09:00:00+0000,7,0.0,3.07378,-3.07378
2026-01-07T09:00:00+0000,8,0.0,3.078936,-3.078936
2026-01-07T09:00:00+0000,9,0.0,3.139868,-3.139868
2026-01-07T09:00:00+0000,10,0.0,2.778941,-2.778941
2026-01-07T10:00:00+0000,1,3.131459,0.0,3.131459
2026-01-07T10:00:00+0000,2,3.084788,0.0,3.084788
2026-01-07T10:00:00+0000,3,2.922592,0.0,2.922592
2026-01-07T10:00:00+0000,4,2.898329,0.0,2.898329
2026-01-07T10:00:00+0000,5,3.027542,0.0,3.027542
2026-01-07T10:00:00+0000,6,0.0,0.848339,-0.848339
2026-01-07T10:00:00+0000,7,0.0,1.22245,-1.22245
2026-01-07T10:00:00+0000,8,0.0,0.967183,-0.967183
2026-01-07T10:00:00+0000,9,0.0,1.00889,-1.00889
2026-01-07T10:00:00+0000,10,0.0,0.91554,-0.91554
2026-01-07T11:00:00+0000,1,4.238233,0.0,4.238233
2026-01-07T11:00:00+0000,2,3.772573,0.0,3.772573
2026-01-07T11:00:00+0000,3,4.067532,0.0,4.067532
2026-01-07T11:00:00+0000,4,4.078543,0.0,4.078543
2026-01-07T11:00:00+0000,5,3.986318,0.0,3.986318
2026-01-07T11:00:00+0000,6,0.0,0.85488,-0.85488
2026-01-07T11:00:00+0000,7,0.0,1.094042,-1.094042
2026-01-07T11:00:00+0000,8,0.0,0.895114,-0.895114
2026-01-07T11:00:00+0000,9,0.0,1.164084,-1.164084
2026-01-07T11:00:00+0000,10,0.0,0.778524,-0.778524
2026-01-07T12:00:00+0000,1,4.720413,0.0,4.720413
2026-01-07T12:00:00+0000,2,4.825206,0.0,4.825206
2026-01-07T12:00:00+0000,3,4.745162,0.0,4.745162
2026-01-07T12:00:00+0000,4,4.473199,0.0,4.473199
2026-01-07T12:00:00+0000,5,4.929051,0.0,4.929051
2026-01-07T12:00:00+0000,6,0.0,0.958533,-0.958533
2026-01-07T12:00:00+0000,7,0.0,0.849229,-0.849229
2026-01-07T12:00:00+0000,8,0.0,1.070287,-1.070287
2026-01-07T12:00:00+0000,9,0.0,1.124066,-1.124066
2026-01-07T12:00:00+0000,10,0.0,0.800225,-0.800225
2026-01-07T13:00:00+0000,1,4.901249,0.0,4.901249
2026-01-07T13:00:00+0000,2,5.169416,0.0,5.169416
2026-01-07T13:00:00+0000,3,5.2445,0.0,5.2445
2026-01-07T13:00:00+0000,4,5.242902,0.0,5.242902
2026-01-07T13:00:00+0000,5,4.982095,0.0,4.982095
2026-01-07T13:00:00+0000,6,0.0,1.183402,-1.183402
2026-01-07T13:00:00+0000,7,0.0,1.051213,-1.051213
2026-01-07T13:00:00+0000,8,0.0,1.220963,-1.220963
2026-01-07T13:00:00+0000,9,0.0,0.823505,-0.823505
2026-01-07T13:00:00+0000,10,0.0,0.767152,-0.767152
2026-01-07T14:00:00+0000,1,4.715477,0.0,4.715477
2026-01-07T14:00:00+0000,2,4.722353,0.0,4.722353
2026-01-07T14:00:00+0000,3,4.875323,0.0,4.875323
2026-01-07T14:00:00+0000,4,4.740187,0.0,4.740187
2026-01-07T14:00:00+0000,5,4.876325,0.0,4.876325
2026-01-07T14:00:00+0000,6,0.0,0.889694,-0.889694
2026-01-07T14:00:00+0000,7,0.0,1.004341,-1.004341
2026-01-07T14:00:00+0000,8,0.0,0.724944,-0.724944
2026-01-07T14:00:00+0000,9,0.0,0.789006,-0.789006
2026-01-07T14:00:00+0000,10,0.0,1.291978,-1.291978
2026-01-07T15:00:00+0000,1,3.987544,0.0,3.987544
2026-01-07T15:00:00+0000,2,4.031556,0.0,4.031556
2026-01-07T15:00:00+0000,3,4.094194,0.0,4.094194
2026-01-07T15:00:00+0000,4,3.976971,0.0,3.976971
2026-01-07T15:00:00+0000,5,4.22086,0.0,4.22086
2026-01-07T15:00:00+0000,6,0.0,1.009358,-1.009358
2026-01-07T15:00:00+0000,7,0.0,0.993308,-0.993308
2026-01-07T15:00:00+0000,8,0.0,1.100119,-1.100119
2026-01-07T15:00:00+0000,9,0.0,0.783791,-0.783791
2026-01-07T15:00:00+0000,10,0.0,0.717984,-0.717984
2026-01-07T16:00:00+0000,1,3.25429,0.0,3.25429
2026-01-07T16:00:00+0000,2,2.824672,0.0,2.824672
2026-01-07T16:00:00+0000,3,3.155208,0.0,3.155208
2026-01-07T16:00:00+0000,4,2.82197,0.0,2.82197
2026-01-07T16:00:00+0000,5,2.9079,0.0,2.9079
2026-01-07T16:00:00+0000,6,0.0,1.220885,-1.220885
2026-01-07T16:00:00+0000,7,0.0,0.80629,-0.80629
2026-01-07T16:00:00+0000,8,0.0,1.115576,-1.115576
2026-01-07T16:00:00+0000,9,0.0,1.202869,-1.202869
2026-01-07T16:00:00+0000,10,0.0,1.266769,-1.266769
2026-01-07T17:00:00+0000,1,2.438368,0.0,2.438368
2026-01-07T17:00:00+0000,2,2.049384,0.0,2.049384
2026-01-07T17:00:00+0000,3,2.456243,0.0,2.456243
2026-01-07T17:00:00+0000,4,2.248155,0.0,2.248155
2026-01-07T17:00:00+0000,5,2.117086,0.0,2.117086
2026-01-07T17:00:00+0000,6,0.0,1.042366,-1.042366
2026-01-07T17:00:00+0000,7,0.0,0.718232,-0.718232
2026-01-07T17:00:00+0000,8,0.0,1.258569,-1.258569
2026-01-07T17:00:00+0000,9,0.0,1.113716,-1.113716
2026-01-07T17:00:00+0000,10,0.0,1.105908,-1.105908
2026-01-07T18:00:00+0000,1,1.374507,0.0,1.374507
2026-01-07T18:00:00+0000,2,1.01816,0.0,1.01816
2026-01-07T18:00:00+0000,3,1.573447,0.0,1.573447
2026-01-07T18:00:00+0000,4,1.017492,0.0,1.017492
2026-01-07T18:00:00+0000,5,1.307288,0.0,1.307288
2026-01-07T18:00:00+0000,6,0.0,3.799648,-3.799648
2026-01-07T18:00:00+0000,7,0.0,3.228927,-3.228927
2026-01-07T18:00:00+0000,8,0.0,3.786305,-3.786305
2026-01-07T18:00:00+0000,9,0.0,3.444145,-3.444145
2026-01-07T18:00:00+0000,10,0.0,3.722452,-3.722452
2026-01-07T19:00:00+0000,1,0.525821,0.0,0.525821
2026-01-07T19:00:00+0000,2,0.744796,0.0,0.744796
2026-01-07T19:00:00+0000,3,0.963713,0.0,0.963713
2026-01-07T19:00:00+0000,4,0.789557,0.0,0.789557
2026-01-07T19:00:00+0000,5,0.747787,0.0,0.747787
2026-01-07T19:00:00+0000,6,0.0,3.442484,-3.442484
2026-01-07T19:00:00+0000,7,0.0,3.39622,-3.39622
2026-01-07T19:00:00+0000,8,0.0,3.600556,-3.600556
2026-01-07T19:00:00+0000,9,0.0,3.684708,-3.684708
2026-01-07T19:00:00+0000,10,0.0,3.657371,-3.657371
2026-01-07T20:00:00+0000,1,0.26913,0.0,0.26913
2026-01-07T20:00:00+0000,2,0.603784,0.0,0.603784
2026-01-07T20:00:00+0000,3,0.298632,0.0,0.298632
2026-01-07T20:00:00+0000,4,0.353758,0.0,0.353758
2026-01-07T20:00:00+0000,5,0.294028,0.0,0.294028
2026-01-07T20:00:00+0000,6,0.0,3.394751,-3.394751
2026-01-07T20:00:00+0000,7,0.0,3.419877,-3.419877
2026-01-07T20:00:00+0000,8,0.0,3.437704,-3.437704
2026-01-07T20:00:00+0000,9,0.0,3.61728,-3.61728
2026-01-07T20:00:00+0000,10,0.0,3.433135,-3.433135
2026-01-07T21:00:00+0000,1,0.0,0.0,0.0
2026-01-07T21:00:00+0000,2,0.0,0.0,0.0
2026-01-07T21:00:00+0000,3,0.0,0.0,0.0
2026-01-07T21:00:00+0000,4,0.0,0.0,0.0
2026-01-07T21:00:00+0000,5,0.0,0.0,0.0
2026-01-07T21:00:00+0000,6,0.0,3.469216,-3.469216
2026-01-07T21:00:00+0000,7,0.0,3.342526,-3.342526
2026-01-07T21:00:00+0000,8,0.0,3.423951,-3.423951
2026-01-07T21:00:00+0000,9,0.0,3.336362,-3.336362
2026-01-07T21:00:00+0000,10,0.0,3.243918,-3.243918
2026-01-07T22:00:00+0000,1,0.0,0.0,0.0
2026-01-07T22:00:00+0000,2,0.0,0.0,0.0
2026-01-07T22:00:00+0000,3,0.0,0.0,0.0
2026-01-07T22:00:00+0000,4,0.0,0.0,0.0
2026-01-07T22:00:00+0000,5,0.0,0.0,0.0
2026-01-07T22:00:00+0000,6,0.0,3.562069,-3.562069
2026-01-07T22:00:00+0000,7,0.0,3.600928,-3.600928
2026-01-07T22:00:00+0000,8,0.0,3.571694,-3.571694
2026-01-07T22:00:00+0000,9,0.0,3.478096,-3.478096
2026-01-07T22:00:00+0000,10,0.0,3.427871,-3.427871
2026-01-07T23:00:00+0000,1,0.0,0.0,0.0
2026-01-07T23:00:00+0000,2,0.0,0.0,0.0
2026-01-07T23:00:00+0000,3,0.0,0.0,0.0
2026-01-07T23:00:00+0000,4,0.0,0.0,0.0
2026-01-07T23:00:00+0000,5,0.0,0.0,0.0
2026-01-07T23:00:00+0000,6,0.0,1.218,-1.218
2026-01-07T23:00:00+0000,7,0.0,1.011449,-1.011449
2026-01-07T23:00:00+0000,8,0.0,0.987509,-0.987509
2026-01-07T23:00:00+0000,9,0.0,0.715385,-0.715385
2026-01-07T23:00:00+0000,10,0.0,0.904749,-0.904749
